date,naics4,county_employment,county_prior,growth_factor
2023-01-01,4811,28811,,
2023-02-01,4811,28680,,
2023-03-01,4811,28528,,
2023-04-01,4811,29150,,
2023-05-01,4811,29378,,
2023-06-01,4811,28816,,
2023-07-01,4811,29691,,
2023-08-01,4811,30185,,
2023-09-01,4811,29985,,
2023-10-01,4811,30705,,
2023-11-01,4811,30805,,
2023-12-01,4811,30522,,
2024-01-01,4811,31057,28811,1.07795633612162
2024-02-01,4811,31185,28680,1.08734309623431
2024-03-01,4811,30713,28528,1.07659141895681
2024-04-01,4811,31267,29150,1.0726243567753
2024-05-01,4811,31229,29378,1.0630063312683
2024-06-01,4811,30862,28816,1.07100222098834
2024-07-01,4811,30969,29691,1.04304334646863
2024-08-01,4811,30922,30185,1.02441610071227
2024-09-01,4811,30761,29985,1.0258796064699
2024-10-01,4811,31018,30705,1.01019377951474
2024-11-01,4811,31036,30805,1.00749878266515
2024-12-01,4811,30717,30522,1.00638883428347
2025-01-01,4811,31400,31057,1.011044209035
2025-02-01,4811,31479,31185,1.00942760942761
2025-03-01,4811,31164,30713,1.01468433562335
2025-04-01,4811,31731,31267,1.01483992707967
2025-05-01,4811,31714,31229,1.0155304364533
2025-06-01,4811,31263,30862,1.01299332512475
2025-07-01,4811,31769,30969,1.0258322838968
2025-08-01,4811,31591,30922,1.02163508181877
2025-09-01,4811,30978,30761,1.00705438704854
2025-10-01,4811,31748,31018,1.02353472177445
2025-11-01,4811,31985,31036,1.03057739399407
2025-12-01,4811,31679,30717,1.03131816258098
2026-01-01,4811,31604,31400,1.00649681528662
2026-02-01,4811,31610,31479,1.00416150449506
2026-03-01,4811,31461,31164,1.00953022718521
2023-01-01,4881,12984,,
2023-02-01,4881,12852,,
2023-03-01,4881,12859,,
2023-04-01,4881,12946,,
2023-05-01,4881,12929,,
2023-06-01,4881,13146,,
2023-07-01,4881,13565,,
2023-08-01,4881,13711,,
2023-09-01,4881,13811,,
2023-10-01,4881,13801,,
2023-11-01,4881,13917,,
2023-12-01,4881,14025,,
2024-01-01,4881,13815,12984,1.06400184842884
2024-02-01,4881,13781,12852,1.07228446934329
2024-03-01,4881,13902,12859,1.08111050626021
2024-04-01,4881,13941,12946,1.07685771666924
2024-05-01,4881,13878,12929,1.07340088173873
2024-06-01,4881,14025,13146,1.06686444545869
2024-07-01,4881,14202,13565,1.04695908588279
2024-08-01,4881,14014,13711,1.02209904456276
2024-09-01,4881,14126,13811,1.022807906741
2024-10-01,4881,14101,13801,1.02173755524962
2024-11-01,4881,14202,13917,1.02047855141194
2024-12-01,4881,14455,14025,1.03065953654189
2025-01-01,4881,14211,13815,1.02866449511401
2025-02-01,4881,14089,13781,1.02234961178434
2025-03-01,4881,14164,13902,1.01884620917854
2025-04-01,4881,14001,13941,1.00430385194749
2025-05-01,4881,13968,13878,1.0064850843061
2025-06-01,4881,14085,14025,1.00427807486631
2025-07-01,4881,14064,14202,0.990283058724123
2025-08-01,4881,14064,14014,1.00356786071072
2025-09-01,4881,13980,14126,0.989664448534617
2025-10-01,4881,14127,14101,1.00184384086235
2025-11-01,4881,14085,14202,0.991761723700887
2025-12-01,4881,13915,14455,0.962642684192321
2026-01-01,4881,13830,14211,0.973189782562803
2026-02-01,4881,13810,14089,0.980197317055859
2026-03-01,4881,13771,14164,0.972253600677775
2023-01-01,7211,42198,,
2023-02-01,7211,42143,,
2023-03-01,7211,42950,,
2023-04-01,7211,43874,,
2023-05-01,7211,44392,,
2023-06-01,7211,44746,,
2023-07-01,7211,44888,,
2023-08-01,7211,45293,,
2023-09-01,7211,45183,,
2023-10-01,7211,44968,,
2023-11-01,7211,44979,,
2023-12-01,7211,45007,,
2024-01-01,7211,46316,42198,1.09758756339163
2024-02-01,7211,46207,42143,1.09643357141162
2024-03-01,7211,46515,42950,1.08300349243306
2024-04-01,7211,46515,43874,1.06019510416192
2024-05-01,7211,46864,44392,1.05568570913678
2024-06-01,7211,47043,44746,1.05133419747016
2024-07-01,7211,47308,44888,1.05391195865265
2024-08-01,7211,46827,45293,1.03386836818051
2024-09-01,7211,47475,45183,1.05072704335701
2024-10-01,7211,47255,44968,1.05085838818716
2024-11-01,7211,47203,44979,1.04944529669401
2024-12-01,7211,47152,45007,1.04765925300509
2025-01-01,7211,45856,46316,0.990068226962605
2025-02-01,7211,46145,46207,0.998658211959227
2025-03-01,7211,46501,46515,0.999699021820918
2025-04-01,7211,46997,46515,1.01036224873697
2025-05-01,7211,47152,46864,1.00614544213042
2025-06-01,7211,47093,47043,1.0010628573858
2025-07-01,7211,46617,47308,0.985393590935994
2025-08-01,7211,46922,46827,1.00202874410063
2025-09-01,7211,47107,47475,0.992248551869405
2025-10-01,7211,46994,47255,0.99447677494445
2025-11-01,7211,46387,47203,0.982712963159121
2025-12-01,7211,46184,47152,0.979470648116729
2026-01-01,7211,45673,45856,0.996009246336357
2026-02-01,7211,45459,46145,0.985133817314985
2026-03-01,7211,45652,46501,0.981742328121976
