prior_date,naics4,date,county_employment,county_prior,growth_factor,local_prior,employment,status
2025-01-01,4811,2026-01-01,31604,31400,1.00649681528662,27706,27886.0007643312,County-growth extrapolation
2025-01-01,4881,2026-01-01,13830,14211,0.973189782562803,9441,9187.88473717543,County-growth extrapolation
2025-01-01,7211,2026-01-01,45673,45856,0.996009246336357,17844.3444374953,17773.1320545561,County-growth extrapolation
2025-02-01,4811,2026-02-01,31610,31479,1.00416150449506,27732,27847.406842657,County-growth extrapolation
2025-02-01,4881,2026-02-01,13810,14089,0.980197317055859,9315,9130.53800837533,County-growth extrapolation
2025-02-01,7211,2026-02-01,45459,46145,0.985133817314985,17987.4948895979,17720.0895045234,County-growth extrapolation
2025-03-01,4811,2026-03-01,31461,31164,1.00953022718521,27435,27696.4617828263,County-growth extrapolation
2025-03-01,4881,2026-03-01,13771,14164,0.972253600677775,9453,9190.713287207,County-growth extrapolation
2025-03-01,7211,2026-03-01,45652,46501,0.981742328121976,18258.9077160506,17925.5425701198,County-growth extrapolation
