date,naics4,employment,status,yoy_percent
2023-01-01,4811,25350,PUMA-based,
2023-02-01,4811,25274,PUMA-based,
2023-03-01,4811,25184,PUMA-based,
2023-04-01,4811,25792,PUMA-based,
2023-05-01,4811,25968,PUMA-based,
2023-06-01,4811,25575,PUMA-based,
2023-07-01,4811,26167,PUMA-based,
2023-08-01,4811,26562,PUMA-based,
2023-09-01,4811,26416,PUMA-based,
2023-10-01,4811,27194,PUMA-based,
2023-11-01,4811,27347,PUMA-based,
2023-12-01,4811,27130,PUMA-based,
2024-01-01,4811,28302,PUMA-based,11.6449704142012
2024-02-01,4811,28355,PUMA-based,12.1903932895466
2024-03-01,4811,27986,PUMA-based,11.1261118170267
2024-04-01,4811,27726,PUMA-based,7.49844913151365
2024-05-01,4811,27684,PUMA-based,6.60813308687616
2024-06-01,4811,27328,PUMA-based,6.85434995112415
2024-07-01,4811,27469,PUMA-based,4.97573279321282
2024-08-01,4811,27431,PUMA-based,3.27159099465402
2024-09-01,4811,27210,PUMA-based,3.00575408843125
2024-10-01,4811,27503,PUMA-based,1.13628006177833
2024-11-01,4811,27493,PUMA-based,0.533879401762527
2024-12-01,4811,27153,PUMA-based,0.0847769996314085
2025-01-01,4811,27706,PUMA-based,-2.10585824323369
2025-02-01,4811,27732,PUMA-based,-2.19714336095926
2025-03-01,4811,27435,PUMA-based,-1.96884156363897
2025-04-01,4811,28045,PUMA-based,1.15054461516266
2025-05-01,4811,28056,PUMA-based,1.34373645426962
2025-06-01,4811,27605,PUMA-based,1.01361241217799
2025-07-01,4811,28099,PUMA-based,2.29349448469183
2025-08-01,4811,27948,PUMA-based,1.88472895629033
2025-09-01,4811,27350,PUMA-based,0.514516721793457
2025-10-01,4811,28129,PUMA-based,2.27611533287277
2025-11-01,4811,28320,PUMA-based,3.00803840977704
2025-12-01,4811,27933,PUMA-based,2.87261076124186
2026-01-01,4811,27886.0007643312,County-growth extrapolation,0.649681528662427
2026-02-01,4811,27847.406842657,County-growth extrapolation,0.416150449506025
2026-03-01,4811,27696.4617828263,County-growth extrapolation,0.953022718521379
2023-01-01,4881,8081,PUMA-based,
2023-02-01,4881,7999,PUMA-based,
2023-03-01,4881,7988,PUMA-based,
2023-04-01,4881,8141,PUMA-based,
2023-05-01,4881,8121,PUMA-based,
2023-06-01,4881,8376,PUMA-based,
2023-07-01,4881,8593,PUMA-based,
2023-08-01,4881,8684,PUMA-based,
2023-09-01,4881,8681,PUMA-based,
2023-10-01,4881,8733,PUMA-based,
2023-11-01,4881,8786,PUMA-based,
2023-12-01,4881,8850,PUMA-based,
2024-01-01,4881,8938,PUMA-based,10.6051231283257
2024-02-01,4881,8883,PUMA-based,11.0513814226778
2024-03-01,4881,8958,PUMA-based,12.1432148222334
2024-04-01,4881,9003,PUMA-based,10.5883798059206
2024-05-01,4881,8973,PUMA-based,10.4913188031031
2024-06-01,4881,9112,PUMA-based,8.78701050620821
2024-07-01,4881,9181,PUMA-based,6.84277900616781
2024-08-01,4881,9233,PUMA-based,6.32197144173192
2024-09-01,4881,9278,PUMA-based,6.87708789309987
2024-10-01,4881,9301,PUMA-based,6.5040650406504
2024-11-01,4881,9419,PUMA-based,7.20464375142271
2024-12-01,4881,9623,PUMA-based,8.73446327683616
2025-01-01,4881,9441,PUMA-based,5.62765719400313
2025-02-01,4881,9315,PUMA-based,4.86322188449848
2025-03-01,4881,9453,PUMA-based,5.52578700602813
2025-04-01,4881,9433,PUMA-based,4.77618571587248
2025-05-01,4881,9379,PUMA-based,4.52468516661095
2025-06-01,4881,9509,PUMA-based,4.35689201053555
2025-07-01,4881,9290,PUMA-based,1.1872345060451
2025-08-01,4881,9333,PUMA-based,1.08307159103216
2025-09-01,4881,9250,PUMA-based,-0.301789178702305
2025-10-01,4881,9266,PUMA-based,-0.376303623266316
2025-11-01,4881,9269,PUMA-based,-1.5925257458329
2025-12-01,4881,9398,PUMA-based,-2.33814818663618
2026-01-01,4881,9187.88473717543,County-growth extrapolation,-2.68102174371966
2026-02-01,4881,9130.53800837533,County-growth extrapolation,-1.98026829441409
2026-03-01,4881,9190.713287207,County-growth extrapolation,-2.77463993222254
2023-01-01,7211,16332.7325169973,PUMA-based,
2023-02-01,7211,16116.6516283738,PUMA-based,
2023-03-01,7211,16479.3939142709,PUMA-based,
2023-04-01,7211,18008.6684551155,PUMA-based,
2023-05-01,7211,18108.5406592267,PUMA-based,
2023-06-01,7211,18062.7876132666,PUMA-based,
2023-07-01,7211,17831.5567896743,PUMA-based,
2023-08-01,7211,18089.2982540529,PUMA-based,
2023-09-01,7211,18020.5517683593,PUMA-based,
2023-10-01,7211,18371.7853131455,PUMA-based,
2023-11-01,7211,18472.9591494204,PUMA-based,
2023-12-01,7211,18350.9893931728,PUMA-based,
2024-01-01,7211,18355.6280744362,PUMA-based,12.3855304391577
2024-02-01,7211,18240.1122834955,PUMA-based,13.1755696163544
2024-03-01,7211,18419.4875536278,PUMA-based,11.7728458306759
2024-04-01,7211,18424.9054914114,PUMA-based,2.31131489445386
2024-05-01,7211,18576.6512738296,PUMA-based,2.58502671977816
2024-06-01,7211,18378.8394623835,PUMA-based,1.7497401612848
2024-07-01,7211,18567.8229549821,PUMA-based,4.12900664811358
2024-08-01,7211,18302.6828231137,PUMA-based,1.17961772791817
2024-09-01,7211,18613.5781578902,PUMA-based,3.29083369451619
2024-10-01,7211,18467.8576556537,PUMA-based,0.5229341670973
2024-11-01,7211,18496.5967734269,PUMA-based,0.127957972598236
2024-12-01,7211,18382.7233940911,PUMA-based,0.172928010792184
2025-01-01,7211,17844.3444374953,PUMA-based,-2.78543253800704
2025-02-01,7211,17987.4948895979,PUMA-based,-1.38495525669641
2025-03-01,7211,18258.9077160506,PUMA-based,-0.871793187023684
2025-04-01,7211,18456.9401499837,PUMA-based,0.173866067249207
2025-05-01,7211,18351.9725856242,PUMA-based,-1.20946819151374
2025-06-01,7211,18335.8847039779,PUMA-based,-0.233718557113027
2025-07-01,7211,18185.6794584722,PUMA-based,-2.05809532671876
2025-08-01,7211,18276.5411382072,PUMA-based,-0.142829798009092
2025-09-01,7211,18327.4343492984,PUMA-based,-1.53728534172514
2025-10-01,7211,18390.5468241875,PUMA-based,-0.418623713197908
2025-11-01,7211,18088.8697547402,PUMA-based,-2.20433533628446
2025-12-01,7211,18048.781618172,PUMA-based,-1.81660665158264
2026-01-01,7211,17773.1320545561,County-growth extrapolation,-0.399075366364265
2026-02-01,7211,17720.0895045234,County-growth extrapolation,-1.48661826850146
2026-03-01,7211,17925.5425701198,County-growth extrapolation,-1.82576718780241
2023-01-01,airport_total,33431,PUMA-based,
2023-02-01,airport_total,33273,PUMA-based,
2023-03-01,airport_total,33172,PUMA-based,
2023-04-01,airport_total,33933,PUMA-based,
2023-05-01,airport_total,34089,PUMA-based,
2023-06-01,airport_total,33951,PUMA-based,
2023-07-01,airport_total,34760,PUMA-based,
2023-08-01,airport_total,35246,PUMA-based,
2023-09-01,airport_total,35097,PUMA-based,
2023-10-01,airport_total,35927,PUMA-based,
2023-11-01,airport_total,36133,PUMA-based,
2023-12-01,airport_total,35980,PUMA-based,
2024-01-01,airport_total,37240,PUMA-based,11.39361670306
2024-02-01,airport_total,37238,PUMA-based,11.9165689898717
2024-03-01,airport_total,36944,PUMA-based,11.3710358133365
2024-04-01,airport_total,36729,PUMA-based,8.23976659888603
2024-05-01,airport_total,36657,PUMA-based,7.53322186042418
2024-06-01,airport_total,36440,PUMA-based,7.33115372153987
2024-07-01,airport_total,36650,PUMA-based,5.43728423475258
2024-08-01,airport_total,36664,PUMA-based,4.02315156329796
2024-09-01,airport_total,36488,PUMA-based,3.96330170669859
2024-10-01,airport_total,36804,PUMA-based,2.44106104044313
2024-11-01,airport_total,36912,PUMA-based,2.15592394763788
2024-12-01,airport_total,36776,PUMA-based,2.21234018899388
2025-01-01,airport_total,37147,PUMA-based,-0.249731471535986
2025-02-01,airport_total,37047,PUMA-based,-0.512916912830974
2025-03-01,airport_total,36888,PUMA-based,-0.151580770896487
2025-04-01,airport_total,37478,PUMA-based,2.03926052982657
2025-05-01,airport_total,37435,PUMA-based,2.12237771776196
2025-06-01,airport_total,37114,PUMA-based,1.84961580680572
2025-07-01,airport_total,37389,PUMA-based,2.01637107776262
2025-08-01,airport_total,37281,PUMA-based,1.6828496617936
2025-09-01,airport_total,36600,PUMA-based,0.306950230212677
2025-10-01,airport_total,37395,PUMA-based,1.60580371698729
2025-11-01,airport_total,37589,PUMA-based,1.83409189423494
2025-12-01,airport_total,37331,PUMA-based,1.50913639329997
2026-01-01,airport_total,37073.8855015066,County-growth extrapolation,-0.196824773180504
2026-02-01,airport_total,36977.9448510323,County-growth extrapolation,-0.186398760945983
2026-03-01,airport_total,36887.1750700333,County-growth extrapolation,-0.00223630982069123
