"date","total","districts","potentially_incomplete","yoy","previous","revision","revision_pct"
2023-01-01,18606284.71,15,FALSE,NA,18606286,-1.28999999910593,-6.9331407627827e-06
2023-02-01,21590164.09,15,FALSE,NA,21590165,-0.910000003874302,-4.21488211819735e-06
2023-03-01,21601173.23,15,FALSE,NA,21601173,0.230000000447035,1.06475699466429e-06
2023-04-01,25440806.77,15,FALSE,NA,25440807,-0.230000000447035,-9.04059373773147e-07
2023-05-01,24601036.82,15,FALSE,NA,24601039,-2.17999999970198,-8.86141434799553e-06
2023-06-01,25517417.88,15,FALSE,NA,25517417,0.880000002682209,3.44862492423198e-06
2023-07-01,25498414.35,15,FALSE,NA,25498416,-1.65000000223517,-6.47099020674529e-06
2023-08-01,25834071.18,15,FALSE,NA,25834072,-0.819999996572733,-3.17410277625894e-06
2023-09-01,29261847.7,15,FALSE,NA,29261848,-0.300000004470348,-1.0252257631519e-06
2023-10-01,23400798.49,15,FALSE,NA,23400799,-0.509999997913837,-2.17941275387151e-06
2023-11-01,27277476.53,15,FALSE,NA,27277474,2.5299999974668,9.27505236543091e-06
2023-12-01,21781070.12,15,FALSE,NA,21781069,1.12000000104308,5.14208003768356e-06
2024-01-01,20493727.1,15,FALSE,0.101441121611215,20493726,1.09999999776483,5.36749636334957e-06
2024-02-01,19791765.14,15,FALSE,-0.0832971413511844,19791766,-0.859999999403954,-4.34524134634551e-06
2024-03-01,22000813.56,15,FALSE,0.018500862233028,22000814,-0.439999997615814,-1.99992599190109e-06
2024-04-01,24389338.44,15,FALSE,-0.0413299915960174,24389338,0.439999997615814,1.80406699688124e-06
2024-05-01,21957293.57,15,FALSE,-0.10746470847321,21957292,1.57000000029802,7.1502442118e-06
2024-06-01,25416646.67,15,FALSE,-0.00394911469780757,25416647,-0.330000001937151,-1.29836166799323e-06
2024-07-01,24513006.94,15,FALSE,-0.0386458309318358,24513006,0.940000001341105,3.83469902198492e-06
2024-08-01,27446147.6,15,FALSE,0.0624011759032399,27446147,0.600000001490116,2.18609920543716e-06
2024-09-01,25266524.55,15,FALSE,-0.136536940215159,25266525,-0.449999995529652,-1.78101260671838e-06
2024-10-01,25931958.14,15,FALSE,0.108165524825217,25931960,-1.86000000312924,-7.1726163511329e-06
2024-11-01,26720827.24,15,FALSE,-0.0204069203171265,26720828,-0.760000001639128,-2.84422324652188e-06
2024-12-01,20766057.5,15,FALSE,-0.0466006773040957,20766057,0.5,2.40777534223276e-06
2025-01-01,19437552.21,15,FALSE,-0.0515364962579208,19437551,1.20999999716878,6.22506403799933e-06
2025-02-01,18608542.65,15,FALSE,-0.0597835757260811,18608542,0.649999998509884,3.49301948809253e-06
2025-03-01,19780808.7,15,FALSE,-0.100905580329821,19780810,-1.30000000074506,-6.57202612403161e-06
2025-04-01,23888130.85,15,FALSE,-0.0205502740975537,23888133,-2.15000000596046,-9.00028481070691e-06
2025-05-01,22961446.83,15,FALSE,0.0457321052250246,22961447,-0.170000001788139,-7.40371466084604e-07
2025-06-01,25032621.58,15,FALSE,-0.0151091957560739,25032619,2.58000000193715,1.03065524303995e-05
2025-07-01,23920204.18,15,FALSE,-0.0241831922722086,23920205,-0.820000000298023,-3.42806426741754e-06
2025-08-01,24177436.43,15,FALSE,-0.119095445293022,24177437,-0.570000000298023,-2.35756999510752e-06
2025-09-01,23860356.33,15,FALSE,-0.0556534088104335,23860355,1.33000000193715,5.57409980671767e-06
2025-10-01,22334508.08,15,FALSE,-0.138726510376821,22334508,0.080000001937151,3.58190124166384e-07
2025-11-01,26335710.62,15,FALSE,-0.0144126009476044,26335711,-0.379999998956919,-1.44290768894342e-06
2025-12-01,21957288.39,15,FALSE,0.0573643258957557,21957289,-0.609999999403954,-2.77812073887607e-06
