"date","total","districts","potentially_incomplete","yoy"
2023-01-01,18606284.71,15,FALSE,NA
2023-02-01,21590164.09,15,FALSE,NA
2023-03-01,21601173.23,15,FALSE,NA
2023-04-01,25440806.77,15,FALSE,NA
2023-05-01,24601036.82,15,FALSE,NA
2023-06-01,25517417.88,15,FALSE,NA
2023-07-01,25498414.35,15,FALSE,NA
2023-08-01,25834071.18,15,FALSE,NA
2023-09-01,29261847.7,15,FALSE,NA
2023-10-01,23400798.49,15,FALSE,NA
2023-11-01,27277476.53,15,FALSE,NA
2023-12-01,21781070.12,15,FALSE,NA
2024-01-01,20493727.1,15,FALSE,0.101441121611215
2024-02-01,19791765.14,15,FALSE,-0.0832971413511844
2024-03-01,22000813.56,15,FALSE,0.018500862233028
2024-04-01,24389338.44,15,FALSE,-0.0413299915960174
2024-05-01,21957293.57,15,FALSE,-0.10746470847321
2024-06-01,25416646.67,15,FALSE,-0.00394911469780757
2024-07-01,24513006.94,15,FALSE,-0.0386458309318358
2024-08-01,27446147.6,15,FALSE,0.0624011759032399
2024-09-01,25266524.55,15,FALSE,-0.136536940215159
2024-10-01,25931958.14,15,FALSE,0.108165524825217
2024-11-01,26720827.24,15,FALSE,-0.0204069203171265
2024-12-01,20766057.5,15,FALSE,-0.0466006773040957
2025-01-01,19437552.21,15,FALSE,-0.0515364962579208
2025-02-01,18608542.65,15,FALSE,-0.0597835757260811
2025-03-01,19780808.7,15,FALSE,-0.100905580329821
2025-04-01,23888130.85,15,FALSE,-0.0205502740975537
2025-05-01,22961446.83,15,FALSE,0.0457321052250246
2025-06-01,25032621.58,15,FALSE,-0.0151091957560739
2025-07-01,23920204.18,15,FALSE,-0.0241831922722086
2025-08-01,24177436.43,15,FALSE,-0.119095445293022
2025-09-01,23860356.33,15,FALSE,-0.0556534088104335
2025-10-01,22334508.08,15,FALSE,-0.138726510376821
2025-11-01,26335710.62,15,FALSE,-0.0144126009476044
2025-12-01,21957288.39,15,FALSE,0.0573643258957557
2026-01-01,19142434.17,15,FALSE,-0.015182880890124
2026-02-01,22249729,15,FALSE,0.195672837926403
2026-03-01,24515599.39,15,FALSE,0.239362847182279
2026-04-01,25707926,15,FALSE,0.0761798887249483
2026-05-01,23844978,15,FALSE,0.0384788979780506
2026-06-01,25840293,15,FALSE,0.0322647557076201
2026-07-01,26967064,15,FALSE,0.127375995500386
2026-08-01,27079503,15,FALSE,0.120032021525617
2026-09-01,24185092,15,TRUE,0.0136098415928392
