"MONTH","passengers","YEAR"
1,3.819854,2023
2,3.526023,2023
3,4.253751,2023
4,4.232641,2023
5,4.596526,2023
6,4.703904,2023
7,4.943575,2023
8,4.697349,2023
9,4.207899,2023
10,4.564467,2023
11,4.302402,2023
12,4.310541,2023
1,3.763464,2024
2,3.627537,2024
3,4.282583,2024
4,4.230713,2024
5,4.665925,2024
6,4.784367,2024
7,4.941087,2024
8,4.752054,2024
9,4.21912,2024
10,4.512896,2024
11,4.133274,2024
12,4.520041,2024
1,3.574798,2025
2,3.319119,2025
3,4.111288,2025
4,4.064003,2025
5,4.414357,2025
6,4.628151,2025
7,4.80462,2025
8,4.469237,2025
9,3.895097,2025
10,4.265436,2025
11,3.88193,2025
12,4.236207,2025
1,3.591128,2026
2,3.313068,2026
3,4.10179,2026
4,3.976969,2026
5,4.302863,2026
6,4.551813,2026
