"MONTH","current","prior","yoy","comparison","date"
1,3.574798,3.763464,-0.0501309431948864,"2025 vs. 2024",2025-01-01
2,3.319119,3.627537,-0.0850213243862157,"2025 vs. 2024",2025-02-01
3,4.111288,4.282583,-0.0399980572472267,"2025 vs. 2024",2025-03-01
4,4.064003,4.230713,-0.039404705542541,"2025 vs. 2024",2025-04-01
5,4.414357,4.665925,-0.0539159973638667,"2025 vs. 2024",2025-05-01
6,4.628151,4.784367,-0.0326513413373179,"2025 vs. 2024",2025-06-01
7,4.80462,4.941087,-0.0276188215265183,"2025 vs. 2024",2025-07-01
8,4.469237,4.752054,-0.059514685649616,"2025 vs. 2024",2025-08-01
9,3.895097,4.21912,-0.076798716319991,"2025 vs. 2024",2025-09-01
10,4.265436,4.512896,-0.0548339691408797,"2025 vs. 2024",2025-10-01
11,3.88193,4.133274,-0.0608099051744452,"2025 vs. 2024",2025-11-01
12,4.236207,4.520041,-0.0627945631466617,"2025 vs. 2024",2025-12-01
1,3.591128,3.574798,0.00456809028090537,"2026 vs. 2025",2026-01-01
2,3.313068,3.319119,-0.0018230741350341,"2026 vs. 2025",2026-02-01
3,4.10179,4.111288,-0.0023102249222141,"2026 vs. 2025",2026-03-01
4,3.976969,4.064003,-0.0214158306477627,"2026 vs. 2025",2026-04-01
5,4.302863,4.414357,-0.0252571325789916,"2026 vs. 2025",2026-05-01
6,4.551813,4.628151,-0.0164942760078484,"2026 vs. 2025",2026-06-01
