route,journey_passengers,excluded_ticket_passengers,roundtrip_passengers,invalid_distance_passengers,passengers,fare_sum,observed_fare_passengers,retained_passengers,retained_fare_sum,added_passengers,added_fare_sum,surface_passengers,nonsurface_passengers,nonsurface_fare_sum,RpYear,RpMonth,QUARTER
LAS,50029,25244,25003,0,50029,5008253.87794957,50014,24785,2610450.16458267,25244,2397803.7133669,103,49926,5000540.97929732,2025,7,3
SLC,24387,16377,16239,0,24387,3893924.77810338,24387,8010,1407390.75090101,16377,2486534.02720236,372,24015,3822284.60635743,2025,7,3
SFO,64766,34914,34639,0,64766,8298571.18772722,64760,29852,3925697.00988615,34914,4372874.17784106,625,64141,8196979.84242526,2025,7,3
SEA,47729,31778,31269,0,47729,9242720.97642115,47728,15951,3290741.63535079,31778,5951979.34107039,882,46847,9060682.56473843,2025,7,3
SLC,23894,15763,15625,0,23894,3585734.01439548,23894,8131,1338341.82600164,15763,2247392.18839384,363,23531,3524515.51869134,2025,8,3
LAS,53280,27554,27271,0,53280,5169732.30519458,53269,25726,2573252.51118014,27554,2596479.79401443,128,53152,5161264.90711546,2025,8,3
SFO,69542,37857,37568,0,69542,8582950.02312183,69534,31685,3998065.2067842,37857,4584884.81633763,661,68881,8474784.82449102,2025,8,3
SEA,47303,31831,31330,0,47303,8936237.57420568,47301,15472,3272949.80350155,31831,5663287.77070417,946,46357,8758935.04685664,2025,8,3
LAS,47943,23754,23479,0,47943,4895591.44528435,47925,24189,2586520.00715364,23754,2309071.43813071,95,47848,4888182.0446825,2025,9,3
SFO,67121,37202,36924,0,67121,8678404.19472242,67116,29919,3960949.83151674,37202,4717454.36320569,730,66391,8548954.73635559,2025,9,3
SEA,37118,24977,24610,0,37118,7073509.89455342,37118,12141,2571578.64678314,24977,4501931.2477703,759,36359,6920194.62608383,2025,9,3
SLC,25314,17289,17159,0,25314,3416550.85690371,25314,8025,1210489.88622106,17289,2206060.97068264,295,25019,3355846.55598624,2025,9,3
SFO,73550,41893,41535,0,73550,9761677.61716194,73537,31657,4355230.03099068,41893,5406447.58617125,725,72825,9640136.53133945,2025,10,4
SEA,38128,26591,26209,0,38128,7311372.28248319,38127,11537,2534586.23792544,26591,4776786.04455777,835,37293,7141720.64257341,2025,10,4
LAS,48458,24264,24025,0,48458,5492935.97176956,48441,24194,2796127.60250428,24264,2696808.36926527,81,48377,5487413.32862421,2025,10,4
SLC,28888,19855,19715,0,28888,4307660.59033544,28888,9033,1436246.43514029,19855,2871414.15519515,327,28561,4237144.39510128,2025,10,4
LAS,43493,20570,20386,0,43493,4813876.41923261,43475,22923,2577690.92006795,20570,2236185.49916466,83,43410,4806942.60062916,2025,11,4
SEA,36951,25920,25565,0,36951,7489812.26203699,36951,11031,2444767.69251156,25920,5045044.56952544,922,36029,7288840.18417055,2025,11,4
SFO,64696,34841,34541,0,64696,9393691.71879583,64682,29855,4413690.3636661,34841,4980001.35512972,698,63998,9266877.08892971,2025,11,4
SLC,21768,15535,15426,0,21768,3317590.60197168,21768,6233,1040455.18377764,15535,2277135.41819404,313,21455,3250720.74868519,2025,11,4
SLC,26247,18368,18217,0,26247,4307016.60277848,26245,7879,1384662.22417652,18368,2922354.37860195,315,25932,4240586.27540917,2025,12,4
SFO,63265,33771,33459,0,63265,9016771.23958804,63258,29494,4249308.66057595,33771,4767462.57901208,602,62663,8913644.03723675,2025,12,4
LAS,45527,22301,22093,0,45527,4669080.50486831,45516,23226,2367052.44265678,22301,2302028.06221154,58,45469,4665026.85566652,2025,12,4
SEA,40989,28354,27901,0,40989,8392325.40142229,40989,12635,2798436.19550048,28354,5593889.20592183,1161,39828,8157294.40179846,2025,12,4
