final_in_scope,final_in_la_city,final_treatment_category,review_notes,property_id,property_address,property_name,property_type,rooms,building_status,secondary_type,market_name,submarket_name,submarket_cluster,city,county_name,zip,last_sale_date,last_sale_price,year_built,taxes_total,year_renovated,month_renovated,restaurant,avg_concessions_percent,hotel_open_date,hotel_operator,true_owner_name,hotel_class,taxes_per_sf,longitude,latitude,electric_utility,brand,for_sale_status,hotel_grade,hotel_location_type,market_segment,mtg_rooms,owner_name,parcel_number_1_min,parcel_number_2_max,parking_spaces_room,power,recorded_owner_name,star_rating,x2020_med_age_1m,x2020_med_hh_inc_1m,x2025_avg_hh_inc_1m,x2025_not_hisp_lat_white_1m,x2025_not_hisp_lat_blk_or_afr_amer_1m,x2025_hisp_lat_amer_indian_and_alaska_nat_1m,x2025_hisp_lat_asian_1m,x2025_hisp_lat_black_or_afr_amer_1m,x2025_hisp_lat_nat_hawn_and_pac_isldr_1m,x2025_hisp_lat_two_or_more_races_1m,x2025_hisp_lat_white_1m,x2025_not_hisp_lat_asian_1m,x2025_not_hisp_lat_two_or_more_races_1m,x2025_pop_wrk_trav_time_30_min_1m,x2025_pop_wrk_trav_time_30_60_min_1m,x2025_pop_wrk_trav_time_60_min_1m,x2025_median_home_value_1m,x2025_pop_occupation_1m,source_group,source_row,rooms_failed,longitude_failed,latitude_failed,duplicate_property_id,valid_coordinates,source_room_range_violation,in_la_city,city_matches,puma_matches,puma,existing_treated,has_treated_label,has_union_label,has_small_label,detail_conflict,treatment_category,treated,costar_city_says_la,city_field_disagrees
yes,yes,untreated_less_than_60_rooms,do not enter into control group for analysis but should be mapped,13800489,8149 Billowvista Dr,The Green Ginger Guest House,Hospitality,5,Existing,Hotel,"Los Angeles, CA",Los Angeles Airport,Los Angeles/Long Beach,Playa del Rey,Los Angeles,90293,NA,NA,1990,16955.91,NA,NA,No,NA,NA,The Green Ginger Guest House,NA,Upper Upscale,3.3912,-118.442009,33.9610362,Los Angeles Department Of Water & Power,NA,N,NA,Airport,NA,NA,SPIRO BRENDON STUART,4115-009-009,4115-009-009,NA,NA,SPIRO BRENDON STUART,3,40.29999924,115799,160740,10849,907,25,38,34,1,1974,483,1992,1553,3711,3545,1061,1029440,10826,rooms_1_30,448,FALSE,FALSE,FALSE,FALSE,TRUE,FALSE,TRUE,1,1,3748,NA,NA,NA,NA,NA,manual_review_unmatched_inside_la,NA,FALSE,TRUE
yes,yes,untreated_less_than_60_rooms,do not enter into control group for analysis but should be mapped,9982536,10317 San Fernando Rd,Hollywood Motel,Hospitality,8,Existing,Hotel,"Los Angeles, CA",Los Angeles North,Los Angeles/Long Beach,Pacoima,Los Angeles,91331,7/1/20,850000,1930,6366.23,NA,NA,No,NA,NA,NA,Nimesh B & Nehalikumari N Patel,Economy,2.4115,-118.4132762,34.2573738,Los Angeles Department Of Water & Power,NA,N,NA,Suburban,NA,NA,Nimesh B & Nehalikumari N Patel,2623-016-002,2623-016-002,2.5,NA,Nimesh B & Nehalikumari N Patel,3,33,64534,94978,1062,844,573,49,56,5,23540,3489,1027,323,7819,4793,1428,666957,14689,rooms_1_30,343,FALSE,FALSE,FALSE,FALSE,TRUE,FALSE,TRUE,1,1,3707,NA,NA,NA,NA,NA,manual_review_unmatched_inside_la,NA,FALSE,TRUE
yes,yes,untreated_less_than_60_rooms,do not enter into control group for analysis but should be mapped,5446311,16809 S Figueroa St,Blue Lite Motel,Hospitality,9,Existing,Hotel,"Los Angeles, CA",South Bay,Los Angeles/Long Beach,Gardena,Los Angeles,90248-3014,NA,NA,1946,10725.63,NA,NA,No,NA,NA,NA,Jun Fang,Economy,3.8493,-118.2828187,33.8789713,Los Angeles Department Of Water & Power,NA,N,NA,Urban,NA,NA,Jun Fang,6121-003-002,6121-003-002,0.777777778,NA,Jun Fang,2,39.70000076,63329,100514,1123,2859,233,111,61,8,8501,835,3990,587,4857,2910,644,705078,9093,rooms_1_30,190,FALSE,FALSE,FALSE,FALSE,TRUE,FALSE,TRUE,1,1,3758,NA,NA,NA,NA,NA,manual_review_unmatched_inside_la,NA,FALSE,TRUE
yes,yes,untreated_less_than_60_rooms,do not enter into control group for analysis but should be mapped,5451043,847 W 134th St,Nolan's Motel,Hospitality,10,Existing,Hotel,"Los Angeles, CA",South Bay,Los Angeles/Long Beach,Gardena,Los Angeles,90247-2148,NA,NA,1936,10631.14,NA,NA,No,NA,1/1/36,NA,Kantilal C & Pushpaben K Patel,Economy,2.9343,-118.291312,33.910411,Los Angeles Department Of Water & Power,NA,N,NA,Urban,NA,NA,Kantilal C & Pushpaben K Patel,6117-031-001,6117-031-001,1,NA,Kantilal C & Pushpaben K Patel,2,36.20000076,71666,101250,748,7014,379,88,100,18,12598,937,2115,768,6718,3365,1375,703987,12416,rooms_1_30,198,FALSE,FALSE,FALSE,FALSE,TRUE,FALSE,TRUE,1,1,3750,NA,NA,NA,NA,NA,manual_review_unmatched_inside_la,NA,FALSE,TRUE
yes,yes,untreated_less_than_60_rooms,do not enter into control group for analysis but should be mapped,10124137,1533 Pacific Coast Hwy,Palm Motel,Hospitality,10,Existing,Hotel,"Los Angeles, CA",South Bay,Los Angeles/Long Beach,Harbor City,Los Angeles,90710-2741,9/2/16,2.00E+06,1947,0,1956,NA,No,NA,1/1/47,NA,Ekdant Associates Inc,Economy,0,-118.303981,33.7896625,Los Angeles Department Of Water & Power,NA,N,NA,Urban,NA,NA,Ekdant Associates Inc,7410-009-052,7410-009-052,NA,NA,Ekdant Associates Inc,2,38.90000153,70783,110196,6743,2945,412,136,93,28,12465,1886,5465,1517,9227,3829,1694,702279,16055,rooms_1_30,349,FALSE,FALSE,FALSE,FALSE,TRUE,FALSE,TRUE,1,1,3767,NA,NA,NA,NA,NA,manual_review_unmatched_inside_la,NA,FALSE,TRUE
yes,yes,untreated_less_than_60_rooms,do not enter into control group for analysis but should be mapped,4021336,9961 San Fernando Rd,Motel Pacoima,Hospitality,12,Existing,Hotel,"Los Angeles, CA",Los Angeles North,Los Angeles/Long Beach,Pacoima,Los Angeles,91331,10/7/15,NA,1947,4734.68,NA,NA,No,NA,NA,NA,Lin Xun,Economy,0.9645,-118.4068901,34.251234,Los Angeles Department Of Water & Power,NA,N,NA,Suburban,NA,NA,Lin Xun,2624-003-002,2624-003-002,1.583333333,NA,Lin Xun,2,33.70000076,69493,98157,829,548,382,32,37,4,14566,1992,1091,242,5162,3004,713,681175,9344,rooms_1_30,27,FALSE,FALSE,FALSE,FALSE,TRUE,FALSE,TRUE,1,1,3707,NA,NA,NA,NA,NA,manual_review_unmatched_inside_la,NA,FALSE,TRUE
yes,yes,untreated_less_than_60_rooms,do not enter into control group for analysis but should be mapped,6154392,7716 Foothill Blvd,Harmony Motel,Hospitality,12,Existing,Hotel,"Los Angeles, CA",Los Angeles North,Los Angeles/Long Beach,Tujunga,Los Angeles,91042,10/1/18,NA,1948,7024.16,NA,NA,No,NA,1/1/48,NA,Coldwell Banker Roadrunner Realty,Economy,1.141,-118.3007511,34.2569037,Los Angeles Department Of Water & Power,NA,N,NA,Suburban,NA,NA,Coldwell Banker Roadrunner Realty,2558-005-001,2558-005-001,1.333333333,NA,Tr Patel Dharmvir & Radhaben L &,2,43.09999847,75089,105828,14500,362,201,48,40,3,6107,903,2174,1113,4853,5152,1670,757404,12816,rooms_1_30,248,FALSE,FALSE,FALSE,FALSE,TRUE,FALSE,TRUE,1,1,3708,NA,NA,NA,NA,NA,manual_review_unmatched_inside_la,NA,FALSE,TRUE
yes,yes,untreated_less_than_60_rooms,do not enter into control group for analysis but should be mapped,12382267,8065 San Fernando Rd,La Casa Motel,Hospitality,12,Existing,Hotel,"Los Angeles, CA",Los Angeles North,Los Angeles/Long Beach,Sun Valley,Los Angeles,91352-4002,11/30/21,1323000,1939,18227.57,NA,NA,No,NA,1/1/91,NA,Sumantrai R & Miraj H Ahir,Economy,3.6831,-118.3659925,34.2167735,Los Angeles Department Of Water & Power,NA,N,NA,Airport,NA,NA,Sumantrai R & Miraj H Ahir,2409-004-008,2409-004-008,1.166666667,NA,Kk Hospitality,2,36.90000153,62299,91985,4952,423,491,42,30,3,16660,1922,1516,616,7155,3878,1413,745125,13295,rooms_1_30,446,FALSE,FALSE,FALSE,FALSE,TRUE,FALSE,TRUE,1,1,3708,NA,NA,NA,NA,NA,manual_review_unmatched_inside_la,NA,FALSE,TRUE
yes,yes,untreated_less_than_60_rooms,do not enter into control group for analysis but should be mapped,4319420,13200 S Vermont Ave,Monterey Motel,Hospitality,14,Existing,Hotel,"Los Angeles, CA",South Bay,Los Angeles/Long Beach,Gardena,Los Angeles,90247-1805,10/25/23,2400000,1942,31175.76,NA,NA,No,NA,1/1/42,NA,Manmohan S Ahuja,Economy,7.469,-118.2912634,33.9121095,Los Angeles Department Of Water & Power,NA,N,NA,Urban,NA,NA,Manmohan S Ahuja,6117-030-006,6117-030-007,0.714285714,NA,Dream Stay Hotels Llc,2,35.90000153,71258,99967,685,7629,412,81,112,19,12889,953,1779,790,6606,3601,1318,704799,12495,rooms_1_30,107,FALSE,FALSE,FALSE,FALSE,TRUE,FALSE,TRUE,1,1,3750,NA,NA,NA,NA,NA,manual_review_unmatched_inside_la,NA,FALSE,TRUE
yes,yes,untreated_less_than_60_rooms,do not enter into control group for analysis but should be mapped,6210581,7927 Foothill Blvd,Mt. Gleason Motorlodge,Hospitality,14,Existing,Hotel,"Los Angeles, CA",Los Angeles North,Los Angeles/Long Beach,Sunland,Los Angeles,91040,NA,NA,1948,8055.93,NA,NA,No,NA,NA,NA,Niruben V Patel,Midscale,1.1136,-118.3055979,34.2599665,Los Angeles Department Of Water & Power,NA,N,NA,Suburban,NA,NA,Niruben V Patel,2556-028-001,2556-028-001,1.214285714,NA,Vn Foothill Llc,2,43.90000153,81971,110824,14126,347,169,55,30,2,5861,946,2129,1133,4228,5310,1802,758940,12573,rooms_1_30,251,FALSE,FALSE,FALSE,FALSE,TRUE,FALSE,TRUE,1,1,3708,NA,NA,NA,NA,NA,manual_review_unmatched_inside_la,NA,FALSE,TRUE
yes,yes,untreated_less_than_60_rooms,do not enter into control group for analysis but should be mapped,4559764,825 W Gardena Blvd,Plaza Hotel Gardena,Hospitality,15,Existing,Hotel,"Los Angeles, CA",South Bay,Los Angeles/Long Beach,Gardena,Los Angeles,90247-4999,10/2/14,715000,1905,13956.11,NA,NA,No,NA,1/1/05,NA,Jignesh Patel,Economy,1.6357,-118.2900717,33.8818998,Los Angeles Department Of Water & Power,NA,Y,NA,Urban,NA,NA,Jignesh Patel,6120-018-023,6120-018-023,NA,NA,Rjp Investments Llc,2,39.90000153,63494,97021,1536,3141,305,201,71,11,10530,1020,7535,925,7184,3800,1086,734892,12972,rooms_1_30,149,FALSE,FALSE,FALSE,FALSE,TRUE,FALSE,TRUE,1,1,3758,NA,NA,NA,NA,NA,manual_review_unmatched_inside_la,NA,FALSE,TRUE
yes,yes,untreated_less_than_60_rooms,do not enter into control group for analysis but should be mapped,9983430,10225 San Fernando Rd,Villa Las Palmas,Hospitality,15,Existing,Hotel,"Los Angeles, CA",Los Angeles North,Los Angeles/Long Beach,Pacoima,Los Angeles,91331,4/18/23,2550000,1975,32320.26,NA,NA,No,NA,NA,NA,Pankaj Patel,Economy,6.7082,-118.411951,34.2559859,Los Angeles Department Of Water & Power,NA,N,2 Star,Suburban,NA,NA,Pankaj Patel,2623-024-029,2623-024-029,0.666666667,NA,Jay Llc,2,33.09999847,65810,94205,1031,794,520,48,49,6,21694,3200,1040,310,7442,4330,1253,663927,13644,rooms_1_30,344,FALSE,FALSE,FALSE,FALSE,TRUE,FALSE,TRUE,1,1,3707,NA,NA,NA,NA,NA,manual_review_unmatched_inside_la,NA,FALSE,TRUE
yes,yes,untreated_less_than_60_rooms,do not enter into control group for analysis but should be mapped,11443047,8365 Lehigh Ave,Economy Inn,Hospitality,17,Existing,Hotel,"Los Angeles, CA",Los Angeles North,Los Angeles/Long Beach,Sun Valley,Los Angeles,91352,NA,NA,1962,12061.02,NA,NA,No,NA,NA,NA,Narendrakumar B Bhakta,Economy,2.936,-118.3668422,34.2226338,Los Angeles Department Of Water & Power,NA,N,NA,Airport,NA,NA,Narendrakumar B Bhakta,2408-015-017,2408-015-017,NA,NA,Narendrakumar B Bhakta,2,37.40000153,62237,91626,4481,353,364,40,24,3,12049,1466,1223,557,5414,2926,1146,765686,10154,rooms_1_30,404,FALSE,FALSE,FALSE,FALSE,TRUE,FALSE,TRUE,1,1,3708,NA,NA,NA,NA,NA,manual_review_unmatched_inside_la,NA,FALSE,TRUE
yes,yes,untreated_less_than_60_rooms,do not enter into control group for analysis but should be mapped,4020956,7833 Lankershim Blvd,Village Inn Motel,Hospitality,18,Existing,Hotel,"Los Angeles, CA",Los Angeles North,Los Angeles/Long Beach,Sun Valley,Los Angeles,91605,9/29/95,588000,1946,2943.43,1950,NA,No,NA,NA,NA,Balerdi Sandra A,Economy,0.502,-118.3883835,34.2131472,Los Angeles Department Of Water & Power,NA,N,NA,Airport,NA,NA,Balerdi Sandra A,2310-025-033,2310-025-033,2.277777778,NA,Sandra A Balerdi Trust,2,35.40000153,60392,89443,5556,1041,651,60,56,4,21467,2411,2784,753,8294,5994,1725,731650,17465,rooms_1_30,26,FALSE,FALSE,FALSE,FALSE,TRUE,FALSE,TRUE,1,1,3708,NA,NA,NA,NA,NA,manual_review_unmatched_inside_la,NA,FALSE,TRUE
yes,yes,untreated_less_than_60_rooms,do not enter into control group for analysis but should be mapped,22347083,4330 S Broadway,Little Caesars Motel,Hospitality,18,Existing,Hotel,"Los Angeles, CA",Los Angeles CBD,Los Angeles/Long Beach,Los Angeles,Los Angeles,90037,8/14/26,2375000,1961,20186.51,NA,NA,No,NA,6/1/61,NA,Scott Alexander Grabowski,Economy,3.6255,-118.277957,34.00489,NA,NA,Y,NA,Urban,NA,NA,Scott Alexander Grabowski,5111-013-001,5111-013-002,1.111111111,NA,Little Caesar S Motel Inc,2,30.1,45082,73470,2448,8122,2118,62,198,6,50312,4049,1907,1365,11938,13384,5474,695742,31754,rooms_1_30,458,FALSE,FALSE,FALSE,FALSE,TRUE,FALSE,TRUE,1,1,3745,NA,NA,NA,NA,NA,manual_review_unmatched_inside_la,NA,TRUE,FALSE
yes,yes,untreated_less_than_60_rooms,do not enter into control group for analysis but should be mapped,6132113,7260 Valaho Ln,Galaxy Motel,Hospitality,20,Existing,Hotel,"Los Angeles, CA",Los Angeles North,Los Angeles/Long Beach,Tujunga,Los Angeles,91042,NA,NA,1947,2659.21,NA,NA,No,NA,1/1/91,NA,Ganesh Patel,Economy,0.2942,-118.2905709,34.2491592,Los Angeles Department Of Water & Power,NA,N,NA,Suburban,NA,NA,Ganesh Patel,2563-018-015,2563-018-033,1.6,NA,Patel Investment Company LLC,2,42.70000076,65168,105606,11738,313,190,30,39,3,5418,718,1740,913,4537,4086,1222,786162,10655,rooms_1_30,247,FALSE,FALSE,FALSE,FALSE,TRUE,FALSE,TRUE,1,1,3708,NA,NA,NA,NA,NA,manual_review_unmatched_inside_la,NA,FALSE,TRUE
yes,yes,untreated_less_than_60_rooms,do not enter into control group for analysis but should be mapped,1579560,15614 S Vermont Ave,El Dorado Motel,Hospitality,22,Existing,Hotel,"Los Angeles, CA",South Bay,Los Angeles/Long Beach,Gardena,Los Angeles,90247,5/16/96,550000,1967,9937.12,NA,NA,No,NA,6/1/69,NA,Sapana Shah,Economy,2.4225,-118.291166,33.88942,Los Angeles Department Of Water & Power,NA,N,NA,Urban,NA,NA,Sapana Shah,6120-004-010,6120-004-010,1.5,NA,Bhagat Avadhesh C & Sapana A,2,38.70000076,64957,98494,1844,5004,410,231,94,16,14538,1352,8194,1155,9902,4491,1611,714130,17056,rooms_1_30,20,FALSE,FALSE,FALSE,FALSE,TRUE,FALSE,TRUE,1,1,3758,NA,NA,NA,NA,NA,manual_review_unmatched_inside_la,NA,FALSE,TRUE
yes,yes,untreated_less_than_60_rooms,do not enter into control group for analysis but should be mapped,5446083,4900 Sepulveda Blvd,Vista Motel,Hospitality,22,Existing,Hotel,"Los Angeles, CA",Los Angeles Airport,Los Angeles/Long Beach,Culver City,Los Angeles,90230,5/10/22,4400000,1946,56946.8,NA,NA,No,NA,NA,NA,Peng Tan,Economy,5.6127,-118.401552,34.000649,Los Angeles Department Of Water & Power,NA,N,NA,Urban,NA,NA,Peng Tan,4215-005-003,4215-005-003,1.363636364,NA,Apa Holdings LLC,2,40.5,98167,149198,11257,1681,246,78,35,6,8154,1142,5061,2376,6393,6011,894,1071167,16199,rooms_1_30,189,FALSE,FALSE,FALSE,FALSE,TRUE,FALSE,TRUE,1,1,3748,NA,NA,NA,NA,NA,manual_review_unmatched_inside_la,NA,FALSE,TRUE
yes,yes,untreated_less_than_60_rooms,do not enter into control group for analysis but should be mapped,11363465,435 Culver Blvd,Inn at Playa Del Rey,Hospitality,22,Existing,Hotel,"Los Angeles, CA",Los Angeles Airport,Los Angeles/Long Beach,Playa del Rey,Los Angeles,90293,NA,NA,1995,32004.79,2014,NA,No,NA,6/1/95,Four Sisters Inns,"Trojan Buildings, Inc.",Luxury,1.6512,-118.4453911,33.961654,Los Angeles Department Of Water & Power,NA,N,NA,Airport,NA,NA,"Trojan Buildings, Inc.",4116-010-045,4116-010-045,0.227272727,NA,Ipdr Associates Lp,4,40.79999924,115609,160170,11074,867,26,37,28,1,1920,463,1899,1513,3755,3595,1110,1028707,10882,rooms_1_30,389,FALSE,FALSE,FALSE,FALSE,TRUE,FALSE,TRUE,1,1,3748,NA,NA,NA,NA,NA,manual_review_unmatched_inside_la,NA,FALSE,TRUE
yes,yes,untreated_less_than_60_rooms,do not enter into control group for analysis but should be mapped,4682064,1629 Pacific Coast Hwy,Colony Motel,Hospitality,23,Existing,Hotel,"Los Angeles, CA",South Bay,Los Angeles/Long Beach,Harbor City,Los Angeles,90710-2627,12/30/98,450000,1985,20103.81,NA,NA,No,NA,1/1/85,NA,B & G Patel 2014 Family Trust,Economy,2.3377,-118.3052084,33.7897667,Los Angeles Department Of Water & Power,NA,N,NA,Urban,NA,NA,B & G Patel 2014 Family Trust,7410-025-033,7410-025-033,NA,NA,B & G Patel 2014 Family Trust,2,38.90000153,71139,111291,7070,2977,421,140,95,28,12739,1941,5614,1578,9516,3943,1743,708638,16565,rooms_1_30,161,FALSE,FALSE,FALSE,FALSE,TRUE,FALSE,TRUE,1,1,3767,NA,NA,NA,NA,NA,manual_review_unmatched_inside_la,NA,FALSE,TRUE
yes,yes,untreated_less_than_60_rooms,do not enter into control group for analysis but should be mapped,11443578,10381 San Fernando Rd,Valley Motel,Hospitality,23,Existing,Hotel,"Los Angeles, CA",Los Angeles North,Los Angeles/Long Beach,Pacoima,Los Angeles,91331,NA,NA,1950,14788.19,NA,NA,No,NA,NA,NA,Patel Family Trust,Economy,2.2832,-118.4149772,34.2586081,Los Angeles Department Of Water & Power,NA,N,NA,Suburban,NA,NA,Patel Family Trust,2623-008-020,2623-008-020,NA,NA,"Valley Motel, LLC",2,33,63277,95735,1096,876,642,51,61,5,25430,3746,1006,343,8276,5183,1610,670977,15768,rooms_1_30,406,FALSE,FALSE,FALSE,FALSE,TRUE,FALSE,TRUE,1,1,3707,NA,NA,NA,NA,NA,manual_review_unmatched_inside_la,NA,FALSE,TRUE
yes,yes,untreated_less_than_60_rooms,do not enter into control group for analysis but should be mapped,4425829,9247 Sepulveda Blvd,Good Knight Inn Motel,Hospitality,25,Existing,Hotel,"Los Angeles, CA",Los Angeles North,Los Angeles/Long Beach,Sepulveda,Los Angeles,91343-3922,4/14/23,3915000,1945,50623.72,NA,NA,No,NA,NA,NA,Midas Touch Hospitality Llc,Economy,5.3159,-118.468137,34.238817,Los Angeles Department Of Water & Power,NA,N,NA,Suburban,NA,NA,Midas Touch Hospitality Llc,2656-026-001,2656-026-002,0.84,NA,Golden Touch Hospitality LLC,2,33.09999847,54783,88721,4643,1866,962,85,105,10,32253,3237,6761,1049,11460,8679,3686,694018,25524,rooms_1_30,130,FALSE,FALSE,FALSE,FALSE,TRUE,FALSE,TRUE,1,1,3723,NA,NA,NA,NA,NA,manual_review_unmatched_inside_la,NA,FALSE,TRUE
yes,yes,untreated_less_than_60_rooms,do not enter into control group for analysis but should be mapped,11775449,1404 Pacific Coast Hwy,Unik Motel,Hospitality,25,Existing,Hotel,"Los Angeles, CA",South Bay,Los Angeles/Long Beach,Harbor City,Los Angeles,90710-2740,1/15/21,3750000,1985,52105.97,2021,7,No,NA,6/1/21,NA,"Kinba Management, Inc.",Economy,6.8086,-118.3016081,33.7891156,Los Angeles Department Of Water & Power,NA,N,2 Star,Urban,NA,NA,"Kinba Management, Inc.",7411-007-060,7411-007-060,1,NA,Casl Investments,2,38.70000076,69589,105940,5620,2882,376,119,90,25,11451,1705,4890,1295,8026,3507,1584,684016,14196,rooms_1_30,440,FALSE,FALSE,FALSE,FALSE,TRUE,FALSE,TRUE,1,1,3767,NA,NA,NA,NA,NA,manual_review_unmatched_inside_la,NA,FALSE,TRUE
yes,yes,untreated_less_than_60_rooms,do not enter into control group for analysis but should be mapped,6225519,7254 Foothill Blvd,Travel Inn,Hospitality,26,Existing,Hotel,"Los Angeles, CA",Los Angeles North,Los Angeles/Long Beach,Tujunga,Los Angeles,91042,NA,NA,1960,9018.21,1962,1,No,NA,6/1/76,NA,Ganesh Patel,Economy,0.5361,-118.2901781,34.2490145,Los Angeles Department Of Water & Power,NA,N,NA,Suburban,NA,NA,Ganesh Patel,2563-018-030,2563-018-030,1,NA,Patel Investment Company LLC,2,42.70000076,64995,105681,11680,312,189,29,39,3,5382,714,1732,909,4528,4055,1208,787189,10594,rooms_1_30,255,FALSE,FALSE,FALSE,FALSE,TRUE,FALSE,TRUE,1,1,3708,NA,NA,NA,NA,NA,manual_review_unmatched_inside_la,NA,FALSE,TRUE
yes,yes,untreated_less_than_60_rooms,do not enter into control group for analysis but should be mapped,11441819,1345 Pacific Coast Hwy,Rose Inn,Hospitality,26,Existing,Hotel,"Los Angeles, CA",South Bay,Los Angeles/Long Beach,Harbor City,Los Angeles,90710,NA,NA,1954,25153.38,NA,NA,No,NA,NA,NA,BHAKTA BALU & USHA B,Economy,2.3815,-118.30088,33.7899931,Los Angeles Department Of Water & Power,NA,N,NA,Urban,NA,NA,BHAKTA BALU & USHA B,7410-028-061,7410-028-061,1.615384615,NA,BHAKTA BALU & USHA B,2,38.70000076,69512,105293,5551,2904,375,117,88,25,11441,1704,4940,1283,7961,3504,1608,675988,14115,rooms_1_30,399,FALSE,FALSE,FALSE,FALSE,TRUE,FALSE,TRUE,1,1,3767,NA,NA,NA,NA,NA,manual_review_unmatched_inside_la,NA,FALSE,TRUE
yes,yes,untreated_less_than_60_rooms,do not enter into control group for analysis but should be mapped,11454286,1440 Pacific Coast Hwy,Travelodge by Wyndham Harbor City,Hospitality,30,Existing,Hotel,"Los Angeles, CA",South Bay,Los Angeles/Long Beach,Harbor City,Los Angeles,90710,NA,NA,1993,35111.53,NA,NA,No,NA,6/1/95,NA,2SNZ Group Inc,Economy,2.6945,-118.3026192,33.7891491,Los Angeles Department Of Water & Power,Travelodge,N,NA,Urban,NA,NA,2SNZ Group Inc,7411-007-064,7411-007-064,NA,NA,B & G Patel 2014 Family Trust,2,38.70000076,70076,107743,5994,2835,390,126,90,26,11762,1757,5052,1370,8449,3588,1597,693085,14808,rooms_1_30,427,FALSE,FALSE,FALSE,FALSE,TRUE,FALSE,TRUE,1,1,3767,NA,NA,NA,NA,NA,manual_review_unmatched_inside_la,NA,FALSE,TRUE
yes,yes,untreated_less_than_60_rooms,do not enter into control group for analysis but should be mapped,4730665,9417 San Fernando Rd,LYFE INN & SUITES by AGA Sun Valley,Hospitality,31,Existing,Hotel,"Los Angeles, CA",Los Angeles North,Los Angeles/Long Beach,Sun Valley,Los Angeles,91352,7/13/10,2300000,1990,36512.13,NA,NA,No,NA,NA,AGA Essentials Group,AGA Essentials Group,Economy,3.3256,-118.3951949,34.2401896,Los Angeles Department Of Water & Power,NA,N,NA,Suburban,NA,NA,AGA Essentials Group,2629-009-030,2629-009-030,0.903225806,NA,Gehna LLC,2,34.79999924,79761,103784,1006,159,277,24,10,1,8822,1059,1036,158,2985,1862,748,736349,5756,rooms_31_100,173,FALSE,FALSE,FALSE,FALSE,TRUE,FALSE,TRUE,1,1,3708,NA,NA,NA,NA,NA,manual_review_unmatched_inside_la,NA,FALSE,TRUE
yes,yes,untreated_less_than_60_rooms,do not enter into control group for analysis but should be mapped,11453360,15543 Rinaldi St,Granada Inn,Hospitality,32,Existing,Hotel,"Los Angeles, CA",Los Angeles North,Los Angeles/Long Beach,Granada Hills,Los Angeles,91344,NA,NA,1973,27184.55,NA,NA,No,NA,NA,NA,Bhanu A & Amratlal N Patel,Midscale,2.0911,-118.4703227,34.2794834,Los Angeles Department Of Water & Power,NA,N,NA,Suburban,NA,NA,Bhanu A & Amratlal N Patel,2605-002-012,2605-002-012,0.625,NA,Bhanu A & Amratlal N Patel,2,42.40000153,95898,130676,2784,362,180,52,27,3,5498,795,1710,382,2746,2036,758,713155,6009,rooms_31_100,422,FALSE,FALSE,FALSE,FALSE,TRUE,FALSE,TRUE,1,1,3706,NA,NA,NA,NA,NA,manual_review_unmatched_inside_la,NA,FALSE,TRUE
yes,yes,untreated_less_than_60_rooms,do not enter into control group for analysis but should be mapped,4755390,1665 Pacific Coast Hwy,Hotel Dreamscape Pacific Coast Highway,Hospitality,33,Existing,Hotel,"Los Angeles, CA",South Bay,Los Angeles/Long Beach,Harbor City,Los Angeles,90710,1/17/08,2000020,1957,36559.78,2008,NA,No,NA,6/1/60,NA,Vinod Desai,Economy,3.3802,-118.306531,33.7898908,Los Angeles Department Of Water & Power,NA,N,NA,Urban,NA,NA,Vinod Desai,7410-025-036,7410-025-036,1.060606061,NA,Tourist Lodge LLC,2,39,71563,112254,7493,2956,428,145,95,29,12980,1985,5802,1655,9797,4151,1790,716599,17154,rooms_31_100,180,FALSE,FALSE,FALSE,FALSE,TRUE,FALSE,TRUE,1,1,3767,NA,NA,NA,NA,NA,manual_review_unmatched_inside_la,NA,FALSE,TRUE
yes,yes,untreated_less_than_60_rooms,do not enter into control group for analysis but should be mapped,4720385,1634 Pacific Coast Hwy,Harbor Inn Harbor City,Hospitality,36,Existing,Hotel,"Los Angeles, CA",South Bay,Los Angeles/Long Beach,Harbor City,Los Angeles,90710,10/1/25,5.00E+06,1962,56213.76,2024,NA,No,NA,NA,NA,Dilan Patel,Economy,4.2358,-118.305846,33.788963,Los Angeles Department Of Water & Power,NA,N,NA,Urban,NA,NA,Dilan Patel,7411-004-016,7411-004-016,0.944444444,NA,Bhole Hospitality LLC,2,38.5,71161,112260,6826,2755,412,137,93,27,12437,1885,5195,1527,9242,3835,1669,729874,16076,rooms_31_100,171,FALSE,FALSE,FALSE,FALSE,TRUE,FALSE,TRUE,1,1,3767,NA,NA,NA,NA,NA,manual_review_unmatched_inside_la,NA,FALSE,TRUE
no,yes,out_of_scope,was not operational prior to post period,7349354,7126 De Soto Ave,Canoga Hotel,Hospitality,41,Existing,Hotel,"Los Angeles, CA",Los Angeles North,Los Angeles/Long Beach,Winnetka,Los Angeles,91306,NA,NA,1960,51124.29,2004,6,No,NA,6/1/89,NA,Patel Jagubhai & Lalita,Economy,1.127,-118.58789,34.1996394,Los Angeles Department Of Water & Power,NA,N,NA,Suburban,NA,NA,Patel Jagubhai & Lalita,2137-020-048,2137-020-048,0.634146341,NA,Patel Jagubhai & Lalita,2,34.40000153,62877,93155,8524,2285,997,105,121,7,25224,2577,6198,1854,13292,7577,3710,729322,26290,rooms_31_100,299,FALSE,FALSE,FALSE,FALSE,TRUE,FALSE,TRUE,1,1,3725,NA,NA,NA,NA,NA,manual_review_unmatched_inside_la,NA,FALSE,TRUE
yes,yes,untreated_less_than_60_rooms,confirmed operational,4617256,20122 Vanowen St,Best Western Canoga Park Motor Inn,Hospitality,46,Existing,Hotel,"Los Angeles, CA",Los Angeles North,Los Angeles/Long Beach,Winnetka,Los Angeles,91306,8/13/13,4900000,1964,140496.91,2016,NA,Yes,NA,6/1/64,NA,Canoga Park Bowl LLC,Midscale,5.2822,-118.5714013,34.1927337,Los Angeles Department Of Water & Power,Best Western,N,NA,Suburban,NA,1,Canoga Park Bowl LLC,2134-014-024,2134-014-024,1.326086957,NA,Gelb Enterprises,3,39.29999924,78210,113870,7199,1142,393,87,73,3,11287,1433,3765,1264,6666,4257,1859,755982,14180,rooms_31_100,157,FALSE,FALSE,FALSE,FALSE,TRUE,FALSE,TRUE,1,1,3725,NA,NA,NA,NA,NA,manual_review_unmatched_inside_la,NA,FALSE,TRUE
yes,yes,untreated_less_than_60_rooms,confirmed operational,7797188,19170 Ventura Blvd,Tarzana Inn,Hospitality,48,Existing,Hotel,"Los Angeles, CA",Los Angeles North,Los Angeles/Long Beach,Tarzana,Los Angeles,91356,3/11/14,5.00E+06,1962,75001.41,NA,NA,No,NA,1/1/85,NA,Amar D Patel,Midscale,2.5733,-118.5508805,34.1722876,Los Angeles Department Of Water & Power,NA,N,NA,Suburban,NA,NA,Amar D Patel,2163-018-021,2163-018-021,0.833333333,NA,KCP Hospitality LLC,2,41.20000076,88885,137339,10893,910,95,25,41,1,3551,557,1535,1292,4203,2643,1530,1034094,9956,rooms_31_100,315,FALSE,FALSE,FALSE,FALSE,TRUE,FALSE,TRUE,1,1,3724,NA,NA,NA,NA,NA,manual_review_unmatched_inside_la,NA,FALSE,TRUE
no,yes,out_of_scope,Converted to supportive housing before Sep 2025; no post-implementation hotel operations—exclude.,4493967,14032 S Vermont Ave,Sea Rock Inn,Hospitality,50,Existing,Hotel,"Los Angeles, CA",South Bay,Los Angeles/Long Beach,Gardena,Los Angeles,90247,8/26/22,10500000,1984,7569.23,NA,NA,No,NA,6/1/86,NA,Weingart Center,Economy,0.3956,-118.290912,33.904156,Los Angeles Department Of Water & Power,NA,N,NA,Urban,NA,NA,Weingart Center,6119-014-024,6119-014-024,0.88,NA,Weingart Willows Llc,3,36.90000153,69762,98976,1051,5765,374,115,84,17,12756,997,3760,822,8058,3284,1499,689014,13622,rooms_31_100,139,FALSE,FALSE,FALSE,FALSE,TRUE,FALSE,TRUE,1,1,3750,NA,NA,NA,NA,NA,manual_review_unmatched_inside_la,NA,FALSE,TRUE
yes,yes,untreated_less_than_60_rooms,assessor map confirmed inside city boundaries,4604928,7435 Winnetka Ave,Starlight Inn Canoga Park,Hospitality,56,Existing,Hotel,"Los Angeles, CA",Los Angeles North,Los Angeles/Long Beach,Winnetka,Los Angeles,91306-2969,12/10/04,2880000,1963,44310.43,NA,NA,No,NA,6/1/86,NA,Hemangini Patel,Economy,2.2365,-118.571363,34.205115,Los Angeles Department Of Water & Power,NA,N,NA,Suburban,NA,NA,Hemangini Patel,2114-012-022,2114-012-022,0.892857143,NA,Gayatri Chetna Inc,2,38.09999847,74015,104911,8217,1771,671,135,110,10,18124,2164,7528,1581,10239,5704,2680,733116,20573,rooms_31_100,155,FALSE,FALSE,FALSE,FALSE,TRUE,FALSE,TRUE,1,1,3725,NA,NA,NA,NA,NA,manual_review_unmatched_inside_la,NA,FALSE,TRUE
yes,yes,untreated_less_than_60_rooms,assessor map confirmed inside city boundaries,1573919,19456 Ventura Blvd,St George Motor Inn,Hospitality,57,Existing,Hotel,"Los Angeles, CA",Los Angeles North,Los Angeles/Long Beach,Tarzana,Los Angeles,91356,NA,NA,1960,32230.05,NA,NA,No,NA,6/1/79,NA,Nate Walker,Economy,5.0884,-118.557345,34.172554,Los Angeles Department Of Water & Power,NA,N,NA,Suburban,NA,1,Nate Walker,2163-002-032,2163-002-032,0.877192982,NA,"Investors Management Company, Inc.",2,44,120261,164342,8255,469,46,19,17,1,1614,344,973,901,2511,1663,1254,1079809,6502,rooms_31_100,19,FALSE,FALSE,FALSE,FALSE,TRUE,FALSE,TRUE,1,1,3724,NA,NA,NA,NA,NA,manual_review_unmatched_inside_la,NA,FALSE,TRUE
yes,yes,untreated_less_than_60_rooms,assessor map confirmed inside city boundaries,4021372,20128 Roscoe Blvd,Paradise - Lodge,Hospitality,58,Existing,Hotel,"Los Angeles, CA",Los Angeles North,Los Angeles/Long Beach,Canoga Park,Los Angeles,91306-1628,10/14/25,9200000,1990,42917.16,NA,NA,No,NA,12/1/90,NA,Rameshbhai R Ahir,Economy,1.5162,-118.5719342,34.2196535,Los Angeles Department Of Water & Power,NA,N,NA,Suburban,NA,NA,Rameshbhai R Ahir,2107-001-021,2107-001-021,0.724137931,NA,Radhe Hospitality LLC,2,38.59999847,77360,114449,6964,1223,535,62,97,11,13688,1681,6549,1161,7813,4727,2113,749242,16346,rooms_31_100,25,FALSE,FALSE,FALSE,FALSE,TRUE,FALSE,TRUE,1,1,3725,NA,NA,NA,NA,NA,manual_review_unmatched_inside_la,NA,FALSE,TRUE
yes,yes,treated,not clear why previously omitted,5044528,3101 S Figueroa St,Vagabond Inn - Los Angeles At USC,Hospitality,72,Existing,Hotel,"Los Angeles, CA",Los Angeles CBD,Los Angeles/Long Beach,Los Angeles,Los Angeles,90007,NA,NA,1963,0,2026,5,No,NA,6/1/72,"Vista Investments, LLC","Vista Investments, LLC",Economy,0,-118.2791249,34.0245188,Los Angeles Department Of Water & Power,Vagabond Inn,N,NA,Urban,NA,NA,"Vista Investments, LLC",5123-010-026,5123-010-026,0.888888889,NA,P &L Figueroa Investors LLC,2,26.89999962,33820,54354,7666,4456,874,62,104,5,22949,2774,9341,1435,9644,5865,2310,784379,19641,rooms_31_100,191,FALSE,FALSE,FALSE,FALSE,TRUE,FALSE,TRUE,1,1,3746,NA,NA,NA,NA,NA,manual_review_unmatched_inside_la,NA,TRUE,FALSE
yes,yes,treated,assessor map confirmed just inside city boundaries,11492041,20150 Rinaldi St,Hampton Inn & Suites Porter Ranch Los Angeles,Hospitality,100,Existing,Hotel,"Los Angeles, CA",Los Angeles North,Los Angeles/Long Beach,Porter Ranch,Los Angeles,91326-4902,NA,NA,2024,0,NA,NA,No,NA,11/8/24,Tharaldson Hospitality Management,Tharaldson Hospitality Management,Upper Midscale,0,-118.574251,34.2744878,Los Angeles Department Of Water & Power,Hampton by Hilton,N,NA,Suburban,NA,1,Tharaldson Hospitality Management,2701-099-014,2701-099-014,NA,NA,Rinadli Hospitality LLC,3,43.90000153,141715,184819,4880,488,30,38,18,2,1627,304,5202,717,2786,2114,1210,1031287,7190,rooms_31_100,429,FALSE,FALSE,FALSE,FALSE,TRUE,FALSE,TRUE,1,1,3705,NA,NA,NA,NA,NA,manual_review_unmatched_inside_la,NA,FALSE,TRUE
yes,yes,treated,assessor map confirmed just inside city boundaries,11254800,7501 N Glenoaks Blvd,Hampton Inn and Suites Los Angeles Burbank Airport,Hospitality,105,Existing,Hotel,"Los Angeles, CA",Pasadena/Glendale/Burbank,Los Angeles/Long Beach,Burbank,Los Angeles,91504,NA,NA,2007,192378.09,NA,NA,No,NA,5/28/08,Fine Hospitality Group,Govino R & Sonal G Vaghashia,Upper Midscale,3.5969,-118.3424363,34.206801,Los Angeles Department Of Water & Power,Hampton by Hilton,N,NA,Airport,NA,2,Govino R & Sonal G Vaghashia,2401-042-013,2401-042-013,NA,NA,Five Stars Hospitality Llc,3,39.5,89561,137449,7990,319,168,51,15,1,4514,742,1848,709,3650,2353,922,940943,8282,rooms_101_plus,277,FALSE,FALSE,FALSE,FALSE,TRUE,FALSE,TRUE,1,1,3708,NA,NA,NA,NA,NA,manual_review_unmatched_inside_la,NA,FALSE,TRUE
yes,yes,treated,assessor map confirmed just inside city boundaries,5051230,19200 Harborgate Way,Extended Stay America Los Angeles - Torrance - Harborgate Way,Hospitality (Community Center),122,Existing,Hotel,"Los Angeles, CA",South Bay,Los Angeles/Long Beach,Torrance,Los Angeles,90501,6/16/21,NA,1999,93003.21,NA,NA,No,NA,8/1/99,Extended Stay America,Blackstone (Extended Stay America),Midscale,1.757,-118.302935,33.856148,Los Angeles Department Of Water & Power,Extended Stay America Suites,N,NA,Urban,NA,NA,Blackstone (Extended Stay America),7351-002-022,7351-002-022,1.352459016,NA,Bre Esa P Portfolio LLC,3,38.90000153,72523,117492,1033,807,120,60,27,4,4199,510,3511,508,2684,1673,665,770967,5298,rooms_101_plus,131,FALSE,FALSE,FALSE,FALSE,TRUE,FALSE,TRUE,1,1,3767,NA,NA,NA,NA,NA,manual_review_unmatched_inside_la,NA,FALSE,TRUE
yes,yes,untreated_union,confirmed union,11493919,901 W Olympic Blvd,Courtyard Los Angeles L.A. LIVE,Hospitality,175,Existing,Hotel,"Los Angeles, CA",Los Angeles CBD,Los Angeles/Long Beach,Los Angeles,Los Angeles,90015-1327,NA,NA,2014,1478525.62,2024,6,Yes,NA,5/29/14,Marriott International,AEG,Upscale,8.6654,-118.2657144,34.0460542,Los Angeles Department Of Water & Power,Courtyard,N,NA,Urban,NA,4,AEG,5138-005-046,5138-005-046,2.245714286,NA,901 W Olympic Boulevard LP,4,33.90000153,47861,89001,16531,8309,2636,188,310,14,41043,4003,17323,4060,20979,15768,7235,856789,51543,rooms_101_plus,299,FALSE,FALSE,FALSE,FALSE,TRUE,FALSE,TRUE,1,1,3744,1,TRUE,TRUE,FALSE,TRUE,treated,1,TRUE,FALSE
yes,yes,untreated_union,confirmed union,5718584,1020 S Figueroa St,The E-Central Downtown Los Angeles Hotel,Hospitality,179,Existing,Hotel,"Los Angeles, CA",Los Angeles CBD,Los Angeles/Long Beach,Los Angeles,Los Angeles,90015-1305,8/1/14,76623823,1965,1505127.38,2012,NA,Yes,NA,6/1/65,Burgeon Hotel Group,Hazens Real Estate Group,Upscale,14.9073,-118.2642382,34.0441841,Los Angeles Department Of Water & Power,NA,N,NA,Urban,NA,3,Hazens Real Estate Group,5138-012-033,5138-012-033,0.983240223,NA,"Jia Yuan USA Co., Inc",4,34.20000076,49279,91745,16125,8089,1758,170,291,10,31163,3343,16167,3898,18422,13424,5689,869321,44798,rooms_101_plus,173,FALSE,FALSE,FALSE,FALSE,TRUE,FALSE,TRUE,1,1,3744,1,TRUE,TRUE,FALSE,TRUE,treated,1,TRUE,FALSE
yes,yes,untreated_union,confirmed union,5678297,300 S Doheny Dr,Four Seasons Hotel Los Angeles at Beverly Hills,Hospitality,285,Existing,Hotel,"Los Angeles, CA",Hollywood/Beverly Hills,Los Angeles/Long Beach,Los Angeles,Los Angeles,90048,NA,NA,1987,1746437.27,2017,1,Yes,NA,5/1/87,Four Seasons Hotels & Resorts,Burton Way Hotels Ltd.,Luxury,5.7642,-118.3892221,34.0731428,Los Angeles Department Of Water & Power,Four Seasons,N,NA,Suburban,NA,11,Burton Way Hotels Ltd.,4335-015-050,4335-015-050,0.189473684,NA,A C C Company Lessor,4,42.29999924,88683,146066,24297,920,42,38,43,8,2213,604,3366,2564,7921,4985,1230,1117340,18358,rooms_101_plus,159,FALSE,FALSE,FALSE,FALSE,TRUE,FALSE,TRUE,1,1,3730,1,TRUE,TRUE,FALSE,TRUE,treated,1,TRUE,FALSE
yes,yes,treated,assessor map confirmed just inside city boundaries,4030053,19800 S Vermont Ave,Holiday Inn Los Angeles Gateway Torrance,Hospitality,339,Existing,Hotel,"Los Angeles, CA",South Bay,Los Angeles/Long Beach,Torrance,Los Angeles,90502,9/11/96,1.20E+07,1987,299787.07,2026,4,Yes,NA,10/1/87,IHG Hotels & Resorts,Yitzchok Wagner,Upper Midscale,0.9828,-118.28924,33.850825,Los Angeles Department Of Water & Power,Holiday Inn,N,NA,Urban,NA,6,Yitzchok Wagner,7351-033-039,7351-033-039,1.02359882,NA,Today's V Inc,3,41,91880,119185,813,467,94,54,21,3,3389,418,2319,310,2476,1064,497,705300,4352,rooms_101_plus,45,FALSE,FALSE,FALSE,FALSE,TRUE,FALSE,TRUE,1,1,3767,NA,NA,NA,NA,NA,manual_review_unmatched_inside_la,NA,FALSE,TRUE
yes,yes,treated,assessor map confirmed just inside city boundaries,4475485,333 Universal Hollywood Dr,Sheraton Hotel Universal City,Hospitality,466,Existing,Hotel,"Los Angeles, CA",Los Angeles North,Los Angeles/Long Beach,Universal City,Los Angeles,91608,1/5/11,9.00E+07,1969,1428218.58,2009,NA,Yes,NA,6/1/69,"SNW Management (USA), LLC.","Shenzhen New World Group Co., Ltd",Upper Upscale,3.2664,-118.359991,34.1375293,Los Angeles Department Of Water & Power,Sheraton Hotel,N,NA,Suburban,NA,17,"Shenzhen New World Group Co., Ltd",2424-044-021,2424-044-021,1.184549356,NA,Shenzhen New World Investment USA Inc,4,37.70000076,95806,143101,9901,926,35,37,41,3,1805,435,1628,1215,4109,3231,838,1089750,10288,rooms_101_plus,86,FALSE,FALSE,FALSE,FALSE,TRUE,FALSE,TRUE,1,1,3775,NA,NA,NA,NA,NA,manual_review_unmatched_inside_la,NA,FALSE,TRUE
yes,yes,treated,assessor map confirmed just inside city boundaries,5674956,555 Universal Hollywood Dr,Hilton Los Angeles/Universal City,Hospitality,495,Existing,Hotel,"Los Angeles, CA",Los Angeles North,Los Angeles/Long Beach,Universal City,Los Angeles,91608,1/5/10,NA,1984,1371742.47,2018,NA,Yes,NA,6/1/84,Sun Hill Properties Inc.,Sun Hill Properties Inc.,Upper Upscale,1.8294,-118.3580313,34.1364591,Los Angeles Department Of Water & Power,Hilton,N,NA,Suburban,NA,17,Sun Hill Properties Inc.,2424-044-022,2424-044-022,0.044444444,NA,Hillcrest Real Estate LLC,4,37.29999924,100074,147544,9340,877,28,33,38,3,1603,379,1538,1174,3923,3031,811,1110353,9559,rooms_101_plus,158,FALSE,FALSE,FALSE,FALSE,TRUE,FALSE,TRUE,1,1,3775,NA,NA,NA,NA,NA,manual_review_unmatched_inside_la,NA,FALSE,TRUE
yes,yes,untreated_union,confirmed union,604560,6225 W Century Blvd,Hyatt Regency Los Angeles International Airport,Hospitality,580,Existing,Hotel,"Los Angeles, CA",Los Angeles Airport,Los Angeles/Long Beach,Los Angeles,Los Angeles,90045-5311,7/2/21,7.50E+07,1963,1000977.31,2016,6,Yes,NA,12/1/75,Southwest Carpenters Apprenticeship,Southwest Carpenters Apprenticeship,Upper Upscale,2.2029,-118.3951239,33.9460163,Los Angeles Department Of Water & Power,Hyatt Regency,N,NA,Airport,NA,20,Southwest Carpenters Apprenticeship,4124-026-011,4124-026-011,0.286206897,NA,SWC CA LAX LLC,4,38.40000153,73719,118868,890,456,17,8,8,0,693,125,400,228,631,635,113,1070918,1583,rooms_101_plus,4,FALSE,FALSE,FALSE,FALSE,TRUE,FALSE,TRUE,1,1,3748,1,TRUE,TRUE,FALSE,TRUE,treated,1,TRUE,FALSE
yes,yes,untreated_union,confirmed union,6373598,900 W Olympic Blvd,JW Marriott Los Angeles L.A. LIVE,Hospitality (Lifestyle Center),878,Existing,Hotel,"Los Angeles, CA",Los Angeles CBD,Los Angeles/Long Beach,Los Angeles,Los Angeles,90015,NA,NA,2010,759324.69,2021,NA,Yes,NA,2/15/10,Marriott International,AEG,Luxury,1.4796,-118.2666932,34.045457,Los Angeles Department Of Water & Power,JW Marriott,N,NA,Urban,NA,39,AEG,5138-007-088,5138-007-088,0.227790433,NA,Olympic & Georgia Partners LLC,4,33.79999924,47313,87772,15687,7912,2579,180,307,15,41183,3978,16675,3906,20494,15410,7074,871074,50156,rooms_101_plus,183,FALSE,FALSE,FALSE,FALSE,TRUE,FALSE,TRUE,1,1,3744,1,TRUE,TRUE,FALSE,TRUE,treated,1,TRUE,FALSE
yes,yes,untreated_union,confirmed union,7991236,900 Wilshire Blvd,InterContinental Los Angeles Downtown,Hospitality,889,Existing,Hotel,"Los Angeles, CA",Los Angeles CBD,Los Angeles/Long Beach,Los Angeles,Los Angeles,90017-4701,NA,NA,2017,5324.39,NA,NA,Yes,NA,6/20/17,IHG Hotels & Resorts,Korean Airlines Co Ltd.,Luxury,0.0025,-118.259779,34.0498965,Los Angeles Department Of Water & Power,InterContinental,N,NA,Urban,NA,36,Korean Airlines Co Ltd.,5144-008-025,5144-008-025,NA,NA,Hanjin International Corporation,4,34.59999847,47144,89374,19586,11032,2524,227,362,16,37927,4382,20430,4763,22300,16865,7339,844496,55009,rooms_101_plus,208,FALSE,FALSE,FALSE,FALSE,TRUE,FALSE,TRUE,1,1,3744,1,TRUE,TRUE,FALSE,TRUE,treated,1,TRUE,FALSE