"puma","puma_label","date","naics4","industry_short","employment","yoy_percent"
"3720","Burbank PUMA 3720",2023-01-01,"4811","Scheduled air transportation",480,NA
"3720","Burbank PUMA 3720",2023-02-01,"4811","Scheduled air transportation",476,NA
"3720","Burbank PUMA 3720",2023-03-01,"4811","Scheduled air transportation",498,NA
"3720","Burbank PUMA 3720",2023-04-01,"4811","Scheduled air transportation",481,NA
"3720","Burbank PUMA 3720",2023-05-01,"4811","Scheduled air transportation",497,NA
"3720","Burbank PUMA 3720",2023-06-01,"4811","Scheduled air transportation",504,NA
"3720","Burbank PUMA 3720",2023-07-01,"4811","Scheduled air transportation",493,NA
"3720","Burbank PUMA 3720",2023-08-01,"4811","Scheduled air transportation",507,NA
"3720","Burbank PUMA 3720",2023-09-01,"4811","Scheduled air transportation",501,NA
"3720","Burbank PUMA 3720",2023-10-01,"4811","Scheduled air transportation",501,NA
"3720","Burbank PUMA 3720",2023-11-01,"4811","Scheduled air transportation",493,NA
"3720","Burbank PUMA 3720",2023-12-01,"4811","Scheduled air transportation",486,NA
"3720","Burbank PUMA 3720",2024-01-01,"4811","Scheduled air transportation",469,-2.29166666666667
"3720","Burbank PUMA 3720",2024-02-01,"4811","Scheduled air transportation",469,-1.47058823529411
"3720","Burbank PUMA 3720",2024-03-01,"4811","Scheduled air transportation",463,-7.0281124497992
"3720","Burbank PUMA 3720",2024-04-01,"4811","Scheduled air transportation",463,-3.74220374220374
"3720","Burbank PUMA 3720",2024-05-01,"4811","Scheduled air transportation",462,-7.04225352112676
"3720","Burbank PUMA 3720",2024-06-01,"4811","Scheduled air transportation",455,-9.72222222222222
"3720","Burbank PUMA 3720",2024-07-01,"4811","Scheduled air transportation",457,-7.30223123732252
"3720","Burbank PUMA 3720",2024-08-01,"4811","Scheduled air transportation",452,-10.8481262327416
"3720","Burbank PUMA 3720",2024-09-01,"4811","Scheduled air transportation",456,-8.98203592814372
"3720","Burbank PUMA 3720",2024-10-01,"4811","Scheduled air transportation",444,-11.377245508982
"3720","Burbank PUMA 3720",2024-11-01,"4811","Scheduled air transportation",438,-11.1561866125761
"3720","Burbank PUMA 3720",2024-12-01,"4811","Scheduled air transportation",444,-8.64197530864198
"3720","Burbank PUMA 3720",2025-01-01,"4811","Scheduled air transportation",448,-4.47761194029851
"3720","Burbank PUMA 3720",2025-02-01,"4811","Scheduled air transportation",431,-8.10234541577826
"3720","Burbank PUMA 3720",2025-03-01,"4811","Scheduled air transportation",426,-7.99136069114471
"3720","Burbank PUMA 3720",2025-04-01,"4811","Scheduled air transportation",571,23.3261339092873
"3720","Burbank PUMA 3720",2025-05-01,"4811","Scheduled air transportation",536,16.017316017316
"3720","Burbank PUMA 3720",2025-06-01,"4811","Scheduled air transportation",517,13.6263736263736
"3720","Burbank PUMA 3720",2025-07-01,"4811","Scheduled air transportation",497,8.7527352297593
"3720","Burbank PUMA 3720",2025-08-01,"4811","Scheduled air transportation",486,7.52212389380531
"3720","Burbank PUMA 3720",2025-09-01,"4811","Scheduled air transportation",472,3.50877192982457
"3720","Burbank PUMA 3720",2025-10-01,"4811","Scheduled air transportation",465,4.72972972972974
"3720","Burbank PUMA 3720",2025-11-01,"4811","Scheduled air transportation",468,6.84931506849316
"3720","Burbank PUMA 3720",2025-12-01,"4811","Scheduled air transportation",434,-2.25225225225225
"3720","Burbank PUMA 3720",2023-01-01,"4881","Support activities for air transportation",354,NA
"3720","Burbank PUMA 3720",2023-02-01,"4881","Support activities for air transportation",353,NA
"3720","Burbank PUMA 3720",2023-03-01,"4881","Support activities for air transportation",353,NA
"3720","Burbank PUMA 3720",2023-04-01,"4881","Support activities for air transportation",356,NA
"3720","Burbank PUMA 3720",2023-05-01,"4881","Support activities for air transportation",357,NA
"3720","Burbank PUMA 3720",2023-06-01,"4881","Support activities for air transportation",357,NA
"3720","Burbank PUMA 3720",2023-07-01,"4881","Support activities for air transportation",353,NA
"3720","Burbank PUMA 3720",2023-08-01,"4881","Support activities for air transportation",351,NA
"3720","Burbank PUMA 3720",2023-09-01,"4881","Support activities for air transportation",357,NA
"3720","Burbank PUMA 3720",2023-10-01,"4881","Support activities for air transportation",360,NA
"3720","Burbank PUMA 3720",2023-11-01,"4881","Support activities for air transportation",368,NA
"3720","Burbank PUMA 3720",2023-12-01,"4881","Support activities for air transportation",366,NA
"3720","Burbank PUMA 3720",2024-01-01,"4881","Support activities for air transportation",367,3.6723163841808
"3720","Burbank PUMA 3720",2024-02-01,"4881","Support activities for air transportation",368,4.24929178470255
"3720","Burbank PUMA 3720",2024-03-01,"4881","Support activities for air transportation",362,2.54957507082152
"3720","Burbank PUMA 3720",2024-04-01,"4881","Support activities for air transportation",367,3.08988764044944
"3720","Burbank PUMA 3720",2024-05-01,"4881","Support activities for air transportation",366,2.52100840336134
"3720","Burbank PUMA 3720",2024-06-01,"4881","Support activities for air transportation",364,1.96078431372548
"3720","Burbank PUMA 3720",2024-07-01,"4881","Support activities for air transportation",358,1.41643059490084
"3720","Burbank PUMA 3720",2024-08-01,"4881","Support activities for air transportation",362,3.13390313390314
"3720","Burbank PUMA 3720",2024-09-01,"4881","Support activities for air transportation",368,3.08123249299719
"3720","Burbank PUMA 3720",2024-10-01,"4881","Support activities for air transportation",370,2.77777777777777
"3720","Burbank PUMA 3720",2024-11-01,"4881","Support activities for air transportation",375,1.90217391304348
"3720","Burbank PUMA 3720",2024-12-01,"4881","Support activities for air transportation",375,2.45901639344261
"3720","Burbank PUMA 3720",2025-01-01,"4881","Support activities for air transportation",378,2.99727520435968
"3720","Burbank PUMA 3720",2025-02-01,"4881","Support activities for air transportation",375,1.90217391304348
"3720","Burbank PUMA 3720",2025-03-01,"4881","Support activities for air transportation",382,5.52486187845305
"3720","Burbank PUMA 3720",2025-04-01,"4881","Support activities for air transportation",379,3.26975476839237
"3720","Burbank PUMA 3720",2025-05-01,"4881","Support activities for air transportation",372,1.63934426229508
"3720","Burbank PUMA 3720",2025-06-01,"4881","Support activities for air transportation",379,4.12087912087913
"3720","Burbank PUMA 3720",2025-07-01,"4881","Support activities for air transportation",388,8.37988826815643
"3720","Burbank PUMA 3720",2025-08-01,"4881","Support activities for air transportation",383,5.80110497237569
"3720","Burbank PUMA 3720",2025-09-01,"4881","Support activities for air transportation",376,2.17391304347827
"3720","Burbank PUMA 3720",2025-10-01,"4881","Support activities for air transportation",380,2.7027027027027
"3720","Burbank PUMA 3720",2025-11-01,"4881","Support activities for air transportation",383,2.13333333333334
"3720","Burbank PUMA 3720",2025-12-01,"4881","Support activities for air transportation",381,1.6
"3720","Burbank PUMA 3720",2023-01-01,"total","Combined airport industries",834,NA
"3720","Burbank PUMA 3720",2023-02-01,"total","Combined airport industries",829,NA
"3720","Burbank PUMA 3720",2023-03-01,"total","Combined airport industries",851,NA
"3720","Burbank PUMA 3720",2023-04-01,"total","Combined airport industries",837,NA
"3720","Burbank PUMA 3720",2023-05-01,"total","Combined airport industries",854,NA
"3720","Burbank PUMA 3720",2023-06-01,"total","Combined airport industries",861,NA
"3720","Burbank PUMA 3720",2023-07-01,"total","Combined airport industries",846,NA
"3720","Burbank PUMA 3720",2023-08-01,"total","Combined airport industries",858,NA
"3720","Burbank PUMA 3720",2023-09-01,"total","Combined airport industries",858,NA
"3720","Burbank PUMA 3720",2023-10-01,"total","Combined airport industries",861,NA
"3720","Burbank PUMA 3720",2023-11-01,"total","Combined airport industries",861,NA
"3720","Burbank PUMA 3720",2023-12-01,"total","Combined airport industries",852,NA
"3720","Burbank PUMA 3720",2024-01-01,"total","Combined airport industries",836,0.239808153477217
"3720","Burbank PUMA 3720",2024-02-01,"total","Combined airport industries",837,0.965018094089265
"3720","Burbank PUMA 3720",2024-03-01,"total","Combined airport industries",825,-3.05522914218567
"3720","Burbank PUMA 3720",2024-04-01,"total","Combined airport industries",830,-0.836320191158901
"3720","Burbank PUMA 3720",2024-05-01,"total","Combined airport industries",828,-3.04449648711944
"3720","Burbank PUMA 3720",2024-06-01,"total","Combined airport industries",819,-4.87804878048781
"3720","Burbank PUMA 3720",2024-07-01,"total","Combined airport industries",815,-3.66430260047281
"3720","Burbank PUMA 3720",2024-08-01,"total","Combined airport industries",814,-5.12820512820513
"3720","Burbank PUMA 3720",2024-09-01,"total","Combined airport industries",824,-3.96270396270396
"3720","Burbank PUMA 3720",2024-10-01,"total","Combined airport industries",814,-5.45876887340302
"3720","Burbank PUMA 3720",2024-11-01,"total","Combined airport industries",813,-5.57491289198606
"3720","Burbank PUMA 3720",2024-12-01,"total","Combined airport industries",819,-3.87323943661971
"3720","Burbank PUMA 3720",2025-01-01,"total","Combined airport industries",826,-1.19617224880383
"3720","Burbank PUMA 3720",2025-02-01,"total","Combined airport industries",806,-3.70370370370371
"3720","Burbank PUMA 3720",2025-03-01,"total","Combined airport industries",808,-2.06060606060606
"3720","Burbank PUMA 3720",2025-04-01,"total","Combined airport industries",950,14.4578313253012
"3720","Burbank PUMA 3720",2025-05-01,"total","Combined airport industries",908,9.66183574879227
"3720","Burbank PUMA 3720",2025-06-01,"total","Combined airport industries",896,9.40170940170941
"3720","Burbank PUMA 3720",2025-07-01,"total","Combined airport industries",885,8.58895705521472
"3720","Burbank PUMA 3720",2025-08-01,"total","Combined airport industries",869,6.75675675675675
"3720","Burbank PUMA 3720",2025-09-01,"total","Combined airport industries",848,2.9126213592233
"3720","Burbank PUMA 3720",2025-10-01,"total","Combined airport industries",845,3.8083538083538
"3720","Burbank PUMA 3720",2025-11-01,"total","Combined airport industries",851,4.67404674046741
"3720","Burbank PUMA 3720",2025-12-01,"total","Combined airport industries",815,-0.488400488400487
"3748","LAX PUMA 3748",2023-01-01,"4811","Scheduled air transportation",25350,NA
"3748","LAX PUMA 3748",2023-02-01,"4811","Scheduled air transportation",25274,NA
"3748","LAX PUMA 3748",2023-03-01,"4811","Scheduled air transportation",25184,NA
"3748","LAX PUMA 3748",2023-04-01,"4811","Scheduled air transportation",25792,NA
"3748","LAX PUMA 3748",2023-05-01,"4811","Scheduled air transportation",25968,NA
"3748","LAX PUMA 3748",2023-06-01,"4811","Scheduled air transportation",25575,NA
"3748","LAX PUMA 3748",2023-07-01,"4811","Scheduled air transportation",26167,NA
"3748","LAX PUMA 3748",2023-08-01,"4811","Scheduled air transportation",26562,NA
"3748","LAX PUMA 3748",2023-09-01,"4811","Scheduled air transportation",26416,NA
"3748","LAX PUMA 3748",2023-10-01,"4811","Scheduled air transportation",27194,NA
"3748","LAX PUMA 3748",2023-11-01,"4811","Scheduled air transportation",27347,NA
"3748","LAX PUMA 3748",2023-12-01,"4811","Scheduled air transportation",27130,NA
"3748","LAX PUMA 3748",2024-01-01,"4811","Scheduled air transportation",28302,11.6449704142012
"3748","LAX PUMA 3748",2024-02-01,"4811","Scheduled air transportation",28355,12.1903932895466
"3748","LAX PUMA 3748",2024-03-01,"4811","Scheduled air transportation",27986,11.1261118170267
"3748","LAX PUMA 3748",2024-04-01,"4811","Scheduled air transportation",27726,7.49844913151365
"3748","LAX PUMA 3748",2024-05-01,"4811","Scheduled air transportation",27684,6.60813308687616
"3748","LAX PUMA 3748",2024-06-01,"4811","Scheduled air transportation",27328,6.85434995112415
"3748","LAX PUMA 3748",2024-07-01,"4811","Scheduled air transportation",27469,4.97573279321282
"3748","LAX PUMA 3748",2024-08-01,"4811","Scheduled air transportation",27431,3.27159099465402
"3748","LAX PUMA 3748",2024-09-01,"4811","Scheduled air transportation",27210,3.00575408843125
"3748","LAX PUMA 3748",2024-10-01,"4811","Scheduled air transportation",27503,1.13628006177833
"3748","LAX PUMA 3748",2024-11-01,"4811","Scheduled air transportation",27493,0.533879401762527
"3748","LAX PUMA 3748",2024-12-01,"4811","Scheduled air transportation",27153,0.0847769996314085
"3748","LAX PUMA 3748",2025-01-01,"4811","Scheduled air transportation",27706,-2.10585824323369
"3748","LAX PUMA 3748",2025-02-01,"4811","Scheduled air transportation",27732,-2.19714336095926
"3748","LAX PUMA 3748",2025-03-01,"4811","Scheduled air transportation",27435,-1.96884156363897
"3748","LAX PUMA 3748",2025-04-01,"4811","Scheduled air transportation",28045,1.15054461516266
"3748","LAX PUMA 3748",2025-05-01,"4811","Scheduled air transportation",28056,1.34373645426962
"3748","LAX PUMA 3748",2025-06-01,"4811","Scheduled air transportation",27605,1.01361241217799
"3748","LAX PUMA 3748",2025-07-01,"4811","Scheduled air transportation",28099,2.29349448469183
"3748","LAX PUMA 3748",2025-08-01,"4811","Scheduled air transportation",27948,1.88472895629033
"3748","LAX PUMA 3748",2025-09-01,"4811","Scheduled air transportation",27350,0.514516721793457
"3748","LAX PUMA 3748",2025-10-01,"4811","Scheduled air transportation",28129,2.27611533287277
"3748","LAX PUMA 3748",2025-11-01,"4811","Scheduled air transportation",28320,3.00803840977704
"3748","LAX PUMA 3748",2025-12-01,"4811","Scheduled air transportation",27933,2.87261076124186
"3748","LAX PUMA 3748",2023-01-01,"4881","Support activities for air transportation",8081,NA
"3748","LAX PUMA 3748",2023-02-01,"4881","Support activities for air transportation",7999,NA
"3748","LAX PUMA 3748",2023-03-01,"4881","Support activities for air transportation",7988,NA
"3748","LAX PUMA 3748",2023-04-01,"4881","Support activities for air transportation",8141,NA
"3748","LAX PUMA 3748",2023-05-01,"4881","Support activities for air transportation",8121,NA
"3748","LAX PUMA 3748",2023-06-01,"4881","Support activities for air transportation",8376,NA
"3748","LAX PUMA 3748",2023-07-01,"4881","Support activities for air transportation",8593,NA
"3748","LAX PUMA 3748",2023-08-01,"4881","Support activities for air transportation",8684,NA
"3748","LAX PUMA 3748",2023-09-01,"4881","Support activities for air transportation",8681,NA
"3748","LAX PUMA 3748",2023-10-01,"4881","Support activities for air transportation",8733,NA
"3748","LAX PUMA 3748",2023-11-01,"4881","Support activities for air transportation",8786,NA
"3748","LAX PUMA 3748",2023-12-01,"4881","Support activities for air transportation",8850,NA
"3748","LAX PUMA 3748",2024-01-01,"4881","Support activities for air transportation",8938,10.6051231283257
"3748","LAX PUMA 3748",2024-02-01,"4881","Support activities for air transportation",8883,11.0513814226778
"3748","LAX PUMA 3748",2024-03-01,"4881","Support activities for air transportation",8958,12.1432148222334
"3748","LAX PUMA 3748",2024-04-01,"4881","Support activities for air transportation",9003,10.5883798059206
"3748","LAX PUMA 3748",2024-05-01,"4881","Support activities for air transportation",8973,10.4913188031031
"3748","LAX PUMA 3748",2024-06-01,"4881","Support activities for air transportation",9112,8.7870105062082
"3748","LAX PUMA 3748",2024-07-01,"4881","Support activities for air transportation",9181,6.84277900616781
"3748","LAX PUMA 3748",2024-08-01,"4881","Support activities for air transportation",9233,6.32197144173192
"3748","LAX PUMA 3748",2024-09-01,"4881","Support activities for air transportation",9278,6.87708789309986
"3748","LAX PUMA 3748",2024-10-01,"4881","Support activities for air transportation",9301,6.5040650406504
"3748","LAX PUMA 3748",2024-11-01,"4881","Support activities for air transportation",9419,7.20464375142271
"3748","LAX PUMA 3748",2024-12-01,"4881","Support activities for air transportation",9623,8.73446327683616
"3748","LAX PUMA 3748",2025-01-01,"4881","Support activities for air transportation",9441,5.62765719400313
"3748","LAX PUMA 3748",2025-02-01,"4881","Support activities for air transportation",9315,4.86322188449848
"3748","LAX PUMA 3748",2025-03-01,"4881","Support activities for air transportation",9453,5.52578700602813
"3748","LAX PUMA 3748",2025-04-01,"4881","Support activities for air transportation",9433,4.77618571587248
"3748","LAX PUMA 3748",2025-05-01,"4881","Support activities for air transportation",9379,4.52468516661095
"3748","LAX PUMA 3748",2025-06-01,"4881","Support activities for air transportation",9509,4.35689201053555
"3748","LAX PUMA 3748",2025-07-01,"4881","Support activities for air transportation",9290,1.1872345060451
"3748","LAX PUMA 3748",2025-08-01,"4881","Support activities for air transportation",9333,1.08307159103216
"3748","LAX PUMA 3748",2025-09-01,"4881","Support activities for air transportation",9250,-0.301789178702305
"3748","LAX PUMA 3748",2025-10-01,"4881","Support activities for air transportation",9266,-0.376303623266316
"3748","LAX PUMA 3748",2025-11-01,"4881","Support activities for air transportation",9269,-1.5925257458329
"3748","LAX PUMA 3748",2025-12-01,"4881","Support activities for air transportation",9398,-2.33814818663618
"3748","LAX PUMA 3748",2023-01-01,"total","Combined airport industries",33431,NA
"3748","LAX PUMA 3748",2023-02-01,"total","Combined airport industries",33273,NA
"3748","LAX PUMA 3748",2023-03-01,"total","Combined airport industries",33172,NA
"3748","LAX PUMA 3748",2023-04-01,"total","Combined airport industries",33933,NA
"3748","LAX PUMA 3748",2023-05-01,"total","Combined airport industries",34089,NA
"3748","LAX PUMA 3748",2023-06-01,"total","Combined airport industries",33951,NA
"3748","LAX PUMA 3748",2023-07-01,"total","Combined airport industries",34760,NA
"3748","LAX PUMA 3748",2023-08-01,"total","Combined airport industries",35246,NA
"3748","LAX PUMA 3748",2023-09-01,"total","Combined airport industries",35097,NA
"3748","LAX PUMA 3748",2023-10-01,"total","Combined airport industries",35927,NA
"3748","LAX PUMA 3748",2023-11-01,"total","Combined airport industries",36133,NA
"3748","LAX PUMA 3748",2023-12-01,"total","Combined airport industries",35980,NA
"3748","LAX PUMA 3748",2024-01-01,"total","Combined airport industries",37240,11.39361670306
"3748","LAX PUMA 3748",2024-02-01,"total","Combined airport industries",37238,11.9165689898717
"3748","LAX PUMA 3748",2024-03-01,"total","Combined airport industries",36944,11.3710358133365
"3748","LAX PUMA 3748",2024-04-01,"total","Combined airport industries",36729,8.23976659888603
"3748","LAX PUMA 3748",2024-05-01,"total","Combined airport industries",36657,7.53322186042418
"3748","LAX PUMA 3748",2024-06-01,"total","Combined airport industries",36440,7.33115372153987
"3748","LAX PUMA 3748",2024-07-01,"total","Combined airport industries",36650,5.43728423475258
"3748","LAX PUMA 3748",2024-08-01,"total","Combined airport industries",36664,4.02315156329796
"3748","LAX PUMA 3748",2024-09-01,"total","Combined airport industries",36488,3.96330170669859
"3748","LAX PUMA 3748",2024-10-01,"total","Combined airport industries",36804,2.44106104044313
"3748","LAX PUMA 3748",2024-11-01,"total","Combined airport industries",36912,2.15592394763788
"3748","LAX PUMA 3748",2024-12-01,"total","Combined airport industries",36776,2.21234018899388
"3748","LAX PUMA 3748",2025-01-01,"total","Combined airport industries",37147,-0.249731471535986
"3748","LAX PUMA 3748",2025-02-01,"total","Combined airport industries",37047,-0.512916912830974
"3748","LAX PUMA 3748",2025-03-01,"total","Combined airport industries",36888,-0.151580770896487
"3748","LAX PUMA 3748",2025-04-01,"total","Combined airport industries",37478,2.03926052982657
"3748","LAX PUMA 3748",2025-05-01,"total","Combined airport industries",37435,2.12237771776196
"3748","LAX PUMA 3748",2025-06-01,"total","Combined airport industries",37114,1.84961580680572
"3748","LAX PUMA 3748",2025-07-01,"total","Combined airport industries",37389,2.01637107776262
"3748","LAX PUMA 3748",2025-08-01,"total","Combined airport industries",37281,1.6828496617936
"3748","LAX PUMA 3748",2025-09-01,"total","Combined airport industries",36600,0.306950230212677
"3748","LAX PUMA 3748",2025-10-01,"total","Combined airport industries",37395,1.60580371698729
"3748","LAX PUMA 3748",2025-11-01,"total","Combined airport industries",37589,1.83409189423493
"3748","LAX PUMA 3748",2025-12-01,"total","Combined airport industries",37331,1.50913639329997
