"date","estimated_city_employment","estimated_covered_employment","estimated_uncovered_employment","reporting_pumas"
2023-01-01,16332.7325169973,7573.89461810907,8758.83789888824,61
2023-02-01,16116.6516283738,7522.60985777391,8594.04177059988,61
2023-03-01,16479.3939142709,7677.24895514511,8802.14495912578,61
2023-04-01,18008.6684551155,8125.56536627792,9883.10308883761,61
2023-05-01,18108.5406592267,8176.96968206012,9931.57097716654,61
2023-06-01,18062.7876132666,8170.03122860205,9892.75638466453,61
2023-07-01,17831.5567896743,8118.25363823665,9713.30315143761,61
2023-08-01,18089.2982540529,8201.08476095103,9888.21349310189,61
2023-09-01,18020.5517683593,8158.06227443276,9862.48949392656,61
2023-10-01,18371.7853131455,8262.37375907318,10109.4115540723,61
2023-11-01,18472.9591494204,8312.5628142372,10160.3963351832,61
2023-12-01,18350.9893931728,8293.17587962173,10057.8135135511,61
2024-01-01,18355.6280744362,8214.85259195297,10140.7754824832,61
2024-02-01,18240.1122834955,8156.56606569862,10083.5462177969,61
2024-03-01,18419.4875536278,8235.87702934882,10183.610524279,61
2024-04-01,18424.9054914114,8257.92038049838,10166.985110913,61
2024-05-01,18576.6512738296,8333.78232360614,10242.8689502234,61
2024-06-01,18378.8394623835,8267.51004982706,10111.3294125564,61
2024-07-01,18567.8229549821,8316.45676135246,10251.3661936297,61
2024-08-01,18302.6828231137,8210.50036813247,10092.1824549812,61
2024-09-01,18613.5781578902,8350.43840682012,10263.13975107,61
2024-10-01,18467.8576556537,8266.61234377903,10201.2453118747,61
2024-11-01,18496.5967734269,8308.77842655889,10187.818346868,61
2024-12-01,18382.7233940911,8264.82470842195,10117.8986856692,61
2025-01-01,17844.3444374953,8024.49198159003,9819.85245590528,61
2025-02-01,17987.4948895979,8122.25421461341,9865.24067498447,61
2025-03-01,18258.9077160506,8256.00013570844,10002.9075803421,61
2025-04-01,18456.9401499837,8360.02750820903,10096.9126417746,61
2025-05-01,18351.9725856242,8336.28445454413,10015.6881310801,61
2025-06-01,18335.8847039779,8341.61597956141,9994.2687244165,61
2025-07-01,18185.6794584722,8254.93006318006,9930.74939529216,61
2025-08-01,18276.5411382072,8275.76162852992,10000.7795096773,61
2025-09-01,18327.4343492984,8327.47382509781,9999.96052420055,61
2025-10-01,18390.5468241875,8237.59954939386,10152.9472747937,61
2025-11-01,18088.8697547402,8074.21443695937,10014.6553177808,61
2025-12-01,18048.781618172,8078.87395888532,9969.90765928665,61
