RpYear,RpMonth,route,journey_passengers,excluded_ticket_passengers,roundtrip_passengers,invalid_distance_passengers,passengers,fare_sum,observed_fare_passengers,retained_passengers,retained_fare_sum,added_passengers,added_fare_sum,surface_passengers,nonsurface_passengers,nonsurface_fare_sum,air_allocation_fare_sum,ground_only_passengers,ground_only_original_fare_sum,flying_passengers_public,flying_fare_sum_public,market_file,market_passengers,market_fare_sum,ground_passengers,ground_fare_sum,flying_passengers_market,flying_fare_sum_market,original_fare,air_allocation_fare,public_flying_fare,market_fare,market_flying_fare
2025,12,LAS,48990,25547,24573,0,48990,4830791.57147705,48979,23443,2395106.84866793,25547,2435684.72280912,1736,47254,4765089.60011294,4778205.96126231,1558,54581.1537570615,47432,4778205.96126231,DB1C.MARKET.202512.22SEP2026.parquet,48998,4778228.0799997,1558,0,47440,4778228.0799997,98.6077071132282,97.5343123344011,100.738024145351,97.5188391362852,100.721502529505
2025,12,SEA,41093,28563,27931,0,41093,8359002.47893574,41093,12530,2768448.7619894,28563,5590553.71694636,1358,39735,8098891.20098304,8359461.92247478,86,13032.0975320987,41007,8359461.92247478,DB1C.MARKET.202512.22SEP2026.parquet,41097,8359443.03000007,86,0,41011,8359443.03000007,203.416700628714,203.427881207864,203.854510753646,203.407621724215,203.834167174662
2025,12,SFO,66579,37142,36343,0,66579,9180679.48049698,66572,29437,4223571.87101397,37142,4957107.60948303,3119,63460,8932258.52975728,9066648.45314882,2254,124101.467235658,64325,9066648.45314882,DB1C.MARKET.202512.22SEP2026.parquet,66583,9066645.72999921,2254,0,64329,9066645.72999921,137.89151955567,136.178801921759,140.950617227343,136.170580027923,140.941810536449
2025,12,SLC,26479,18626,18349,0,26479,4320473.15242462,26477,7853,1372158.17510748,18626,2948314.97731713,376,26103,4255421.75165694,4317122.21162065,71,8029.50161905313,26408,4317122.21162065,DB1C.MARKET.202512.22SEP2026.parquet,26479,4317162.48,71,0,26408,4317162.48,163.166024110601,163.039473228621,163.477817768125,163.040993995242,163.479342623448
2026,4,LAS,39101,20953,20134,0,39101,5001691.57033786,39073,18148,2456433.51445625,20953,2545258.05588161,1175,37926,4949776.17639436,4963285.72188299,1034,40586.5846374744,38067,4963285.72188299,DB1C.MARKET.202604.15JUL2026.parquet,39101,4963215.83999945,1034,0,38067,4963215.83999945,127.917228979767,126.935007336973,130.382896521475,126.933220122233,130.381060761275
2026,4,SEA,42782,30115,29522,0,42782,8607204.77168066,42780,12667,2873658.4972687,30115,5733546.27441194,1512,41270,8312514.15724303,8600905.14904163,171,22715.076903962,42611,8600905.14904163,DB1C.MARKET.202604.15JUL2026.parquet,42782,8600851.70999924,171,0,42611,8600851.70999924,201.187526802876,201.040277430733,201.847061769065,201.039028329654,201.845807655282
2026,4,SFO,69818,40620,39760,0,69818,10429414.8918153,69790,29198,4549528.14537314,40620,5879886.74644215,3250,66568,10152570.3535236,10318650.6239798,2290,124780.961054805,67528,10318650.6239798,DB1C.MARKET.202604.15JUL2026.parquet,69818,10318587.8200003,2290,0,67528,10318587.8200003,149.380029388056,147.793557878768,152.805512142812,147.792658340261,152.804582099282
2026,4,SLC,22177,15072,14819,0,22177,3788802.67564555,22171,7105,1283964.14898723,15072,2504838.52665832,330,21847,3732911.07382666,3790516.61512841,42,5052.07292847265,22135,3790516.61512841,DB1C.MARKET.202604.15JUL2026.parquet,22177,3790494.20999969,42,0,22135,3790494.20999969,170.843787511636,170.921072062425,171.245385820122,170.9200617757,171.244373616431
2026,5,LAS,40762,21347,20473,0,40762,6732029.53697475,40735,19415,3441246.21166189,21347,3290783.32531285,1295,39467,6675905.8520439,6689829.60447822,1167,44873.4148217664,39595,6689829.60447822,DB1C.MARKET.202605.20AUG2026.parquet,40762,6689781.39999935,1167,0,39595,6689781.39999935,165.154544354417,164.119268055498,168.956423903983,164.118085471747,168.955206465446
2026,5,SEA,44036,31623,31047,0,44036,8146473.26524971,44025,12413,2631982.12185858,31623,5514491.14339113,1224,42812,7933120.99999141,8130778.06870133,206,28190.6669098092,43830,8130778.06870133,DB1C.MARKET.202605.20AUG2026.parquet,44036,8130774.74999877,206,0,43830,8130774.74999877,184.995759497904,184.639342099676,185.50714279492,184.639266736279,185.507067077316
2026,5,SFO,77665,45158,44117,0,77665,11229259.2567616,77654,32507,4918551.54925248,45158,6310707.7075091,3309,74356,10959957.2551301,11112005.7446617,2405,129396.406941111,75260,11112005.7446617,DB1C.MARKET.202605.20AUG2026.parquet,77665,11111890.4500013,2405,0,75260,11111890.4500013,144.585839911949,143.076105641688,147.648229400235,143.074621129226,147.646697448862
2026,5,SLC,22127,14697,14457,0,22127,3949439.48092809,22123,7430,1425249.43766327,14697,2524190.04326482,321,21806,3889715.069137,3949834.02487955,51,4847.59681277562,22076,3949834.02487955,DB1C.MARKET.202605.20AUG2026.parquet,22127,3949814.59999972,51,0,22076,3949814.59999972,178.489604597464,178.507435480614,178.919823558595,178.5065575993,178.918943649199
2026,6,LAS,31027,16093,15005,0,31027,4568401.60872755,30990,14934,2396257.36914227,16093,2172144.23958528,1381,29646,4511829.40160895,4527202.87155961,1236,44448.5430961614,29791,4527202.87155961,DB1C.MARKET.202606.16SEP2026.parquet,31027,4527179.34999951,1236,0,29791,4527179.34999951,147.239552928983,145.911717908905,151.965455055541,145.910959809183,151.964665502988
2026,6,SEA,48671,34435,33625,0,48671,10482580.4832421,48660,14236,3400094.39344447,34435,7082486.08979764,1335,47336,10224829.6293687,10455539.9772047,334,41522.3833228737,48337,10455539.9772047,DB1C.MARKET.202606.16SEP2026.parquet,48671,10455495.4200006,334,0,48337,10455495.4200006,215.376312038835,214.820734671668,216.305107416777,214.819819194194,216.304185613518
2026,6,SFO,78462,44465,43490,0,78462,11626406.1843703,78441,33997,5252577.7087909,44465,6373828.47557947,4055,74407,11324193.0194526,11470645.4467329,3169,168203.145287926,75293,11470645.4467329,DB1C.MARKET.202606.16SEP2026.parquet,78462,11470555.4200018,3169,0,75293,11470555.4200018,148.178815023455,146.193640829101,152.346771236807,146.192493436336,152.345575551536
2026,6,SLC,20603,13790,13527,0,20603,4070542.51501312,20603,6813,1410863.8243526,13790,2659678.69066052,406,20197,3996338.98966799,4069203.82762872,76,7895.91586062241,20527,4069203.82762872,DB1C.MARKET.202606.16SEP2026.parquet,20603,4069185.4999997,76,0,20527,4069185.4999997,197.570378828963,197.505403466909,198.23665550878,197.504513905727,198.235762654051
