RpYear,RpMonth,route,public_passengers,public_fare,public_fare_sum,market_file,market_passengers,market_fare_sum,market_fare,public_minus_market_percent,new_break_passengers,new_break_fare_sum,new_break_fare,legacy_minus_market,break_effect,new_minus_market,passenger_difference
2025,12,LAS,45527,102.556296370688,4669080.50486831,DB1C.MARKET.202512.22SEP2026.parquet,48998,4778228.07999954,97.5188391362818,5.16562469264665,48990,4830791.57147705,98.6077071132282,5.03745723440621,3.94858925745982,1.08886797694639,-8
2025,12,SEA,40989,204.745795248049,8392325.40142229,DB1C.MARKET.202512.22SEP2026.parquet,41097,8359443.0300005,203.407621724226,0.657877769023796,41093,8359002.47893574,203.416700628714,1.338173523823,1.32909461933522,0.00907890448777948,-4
2025,12,SFO,63265,142.523847934688,9016771.23958804,DB1C.MARKET.202512.22SEP2026.parquet,66583,9066645.72999969,136.17058002793,4.66566853534336,66579,9180679.48049698,137.89151955567,6.35326790675802,4.63232837901754,1.72093952774048,-4
2025,12,SLC,26247,164.095576743189,4307016.60277848,DB1C.MARKET.202512.22SEP2026.parquet,26479,4317162.47999975,163.040993995232,0.646820607575305,26479,4320473.15242462,163.166024110601,1.05458274795703,0.92955263258753,0.125030115369498,0
2026,4,LAS,36632,133.097507184464,4875627.88318127,DB1C.MARKET.202604.15JUL2026.parquet,39101,4963215.83999944,126.933220122233,4.85632292026801,39101,5001691.57033786,127.917228979767,6.16428706223101,5.18027820469727,0.984008857533738,0
2026,4,SEA,42381,202.721372640679,8591534.4938846,DB1C.MARKET.202604.15JUL2026.parquet,42782,8600851.70999924,201.039028329654,0.836824732492447,42782,8607204.77168066,201.187526802876,1.68234431102499,1.53384583780257,0.148498473222418,0
2026,4,SFO,65920,154.506871820719,10185092.9904218,DB1C.MARKET.202604.15JUL2026.parquet,69818,10318587.8200002,147.792658340259,4.54299527179649,69818,10429414.8918153,149.380029388056,6.71421348045999,5.12684243266344,1.58737104779655,0
2026,4,SLC,21989,173.012682746437,3804375.88091141,DB1C.MARKET.202604.15JUL2026.parquet,22177,3790494.2099997,170.9200617757,1.22432729604516,22177,3788802.67564555,170.843787511636,2.09262097073702,2.16889523480111,-0.0762742640640965,0
2026,5,LAS,38036,172.783999112855,6572012.19025654,DB1C.MARKET.202605.20AUG2026.parquet,40762,6689781.39999935,164.118085471747,5.28029169740676,40762,6732029.53697475,165.154544354417,8.66591364110801,7.6294547584379,1.0364588826701,0
2026,5,SEA,43690,186.324937156402,8140536.50436319,DB1C.MARKET.202605.20AUG2026.parquet,44036,8130774.74999874,184.639266736278,0.912953376559544,44036,8146473.26524971,184.995759497904,1.68567042012401,1.32917765849766,0.356492761626356,0
2026,5,SFO,73636,149.058908644967,10976101.7969808,DB1C.MARKET.202605.20AUG2026.parquet,77665,11111890.4500014,143.074621129227,4.18263383716051,77665,11229259.2567616,144.585839911949,5.98428751573999,4.47306873301756,1.51121878272244,0
2026,5,SLC,21877,180.626234083101,3951560.12303601,DB1C.MARKET.202605.20AUG2026.parquet,22127,3949814.5999997,178.5065575993,1.18745020480417,22127,3949439.48092809,178.489604597464,2.11967648380099,2.1366294856368,-0.0169530018358159,0
2026,6,LAS,28123,157.573327609534,4431434.69236292,DB1C.MARKET.202606.16SEP2026.parquet,31027,4527179.34999951,145.910959809183,7.99279767304855,31027,4568401.60872755,147.239552928983,11.662367800351,10.3337746805512,1.32859311979979,0
2026,6,SEA,48058,217.126696717853,10434674.7908666,DB1C.MARKET.202606.16SEP2026.parquet,48671,10455495.4200008,214.819819194199,1.07386624395649,48671,10482580.4832421,215.376312038835,2.30687752365401,1.75038467901794,0.556492844636068,0
2026,6,SFO,73640,153.729886389407,11320668.8337159,DB1C.MARKET.202606.16SEP2026.parquet,78462,11470555.4200017,146.192493436334,5.15580025752465,78462,11626406.1843703,148.178815023455,7.53739295307301,5.55107136595183,1.98632158712118,0
2026,6,SLC,20278,199.33270104493,4042068.51178909,DB1C.MARKET.202606.16SEP2026.parquet,20603,4069185.4999997,197.504513905727,0.925643218501415,20603,4070542.51501312,197.570378828963,1.82818713920298,1.762322215967,0.0658649232359778,0
