file,YEAR,QUARTER,route,passengers,zero_distance_passengers,zero_distance_fare_sum,missing_distance_passengers
T_DB1B_MARKET 10.csv,2024,4,LAS,39413,0,0,0
T_DB1B_MARKET 10.csv,2024,4,SEA,35419,0,0,0
T_DB1B_MARKET 10.csv,2024,4,SFO,53645,0,0,0
T_DB1B_MARKET 10.csv,2024,4,SLC,19445,0,0,0
T_DB1B_MARKET 2.csv,2023,3,LAS,41628,0,0,0
T_DB1B_MARKET 2.csv,2023,3,SEA,45611,0,0,0
T_DB1B_MARKET 2.csv,2023,3,SFO,50606,0,0,0
T_DB1B_MARKET 2.csv,2023,3,SLC,24349,0,0,0
T_DB1B_MARKET 3.csv,2023,4,LAS,41475,0,0,0
T_DB1B_MARKET 3.csv,2023,4,SEA,34944,0,0,0
T_DB1B_MARKET 3.csv,2023,4,SFO,48877,0,0,0
T_DB1B_MARKET 3.csv,2023,4,SLC,21849,0,0,0
T_DB1B_MARKET 4.csv,2024,2,LAS,42434,0,0,0
T_DB1B_MARKET 4.csv,2024,2,SEA,34851,0,0,0
T_DB1B_MARKET 4.csv,2024,2,SFO,49225,0,0,0
T_DB1B_MARKET 4.csv,2024,2,SLC,23233,0,0,0
T_DB1B_MARKET 5.csv,2024,3,LAS,42420,0,0,0
T_DB1B_MARKET 5.csv,2024,3,SEA,41164,0,0,0
T_DB1B_MARKET 5.csv,2024,3,SFO,52023,0,0,0
T_DB1B_MARKET 5.csv,2024,3,SLC,22039,0,0,0
T_DB1B_MARKET 6.csv,2025,1,LAS,34061,0,0,0
T_DB1B_MARKET 6.csv,2025,1,SEA,27084,0,0,0
T_DB1B_MARKET 6.csv,2025,1,SFO,41940,0,0,0
T_DB1B_MARKET 6.csv,2025,1,SLC,21661,0,0,0
T_DB1B_MARKET 7.csv,2025,2,LAS,36662,0,0,0
T_DB1B_MARKET 7.csv,2025,2,SEA,33993,0,0,0
T_DB1B_MARKET 7.csv,2025,2,SFO,47965,0,0,0
T_DB1B_MARKET 7.csv,2025,2,SLC,18382,0,0,0
T_DB1B_MARKET 8.csv,2023,1,LAS,37124,0,0,0
T_DB1B_MARKET 8.csv,2023,1,SEA,27373,0,0,0
T_DB1B_MARKET 8.csv,2023,1,SFO,40490,0,0,0
T_DB1B_MARKET 8.csv,2023,1,SLC,24780,0,0,0
T_DB1B_MARKET 9.csv,2024,1,LAS,38502,0,0,0
T_DB1B_MARKET 9.csv,2024,1,SEA,26905,0,0,0
T_DB1B_MARKET 9.csv,2024,1,SFO,41975,0,0,0
T_DB1B_MARKET 9.csv,2024,1,SLC,25729,0,0,0
T_DB1B_MARKET.csv,2023,2,LAS,40678,0,0,0
T_DB1B_MARKET.csv,2023,2,SEA,40132,0,0,0
T_DB1B_MARKET.csv,2023,2,SFO,50730,0,0,0
T_DB1B_MARKET.csv,2023,2,SLC,22450,0,0,0
