"file","RpYear","RpMonth","route","Break_LegacyLogic","MktCoupons","V_Yield","passengers","fare_sum","missing_fare_passengers","zero_fare_passengers"
"DB1C.MARKET.202512.22SEP2026.parquet",2025,12,"SEA",1,1,0,38739,7927775.31000247,0,8
"DB1C.MARKET.202512.22SEP2026.parquet",2025,12,"SFO",1,1,0,62408,8845517.83000351,7,13
"DB1C.MARKET.202512.22SEP2026.parquet",2025,12,"SLC",1,1,0,25304,4126116.30999997,2,25
"DB1C.MARKET.202512.22SEP2026.parquet",2025,12,"SFO",NA,1,NA,2251,0,0,2251
"DB1C.MARKET.202512.22SEP2026.parquet",2025,12,"LAS",NA,1,0,1973,103003.5,0,0
"DB1C.MARKET.202512.22SEP2026.parquet",2025,12,"SFO",NA,1,0,1842,203693.59,0,0
"DB1C.MARKET.202512.22SEP2026.parquet",2025,12,"SLC",NA,1,0,577,110671.81,0,0
"DB1C.MARKET.202512.22SEP2026.parquet",2025,12,"SLC",NA,1,NA,71,0,0,71
"DB1C.MARKET.202512.22SEP2026.parquet",2025,12,"LAS",NA,1,NA,1558,0,0,1558
"DB1C.MARKET.202512.22SEP2026.parquet",2025,12,"LAS",1,1,0,45319,4651756.57999987,11,41
"DB1C.MARKET.202512.22SEP2026.parquet",2025,12,"SEA",NA,1,0,1536,314133.3,0,0
"DB1C.MARKET.202512.22SEP2026.parquet",2025,12,"SLC",1,2,0,473,71290.07,0,0
"DB1C.MARKET.202512.22SEP2026.parquet",2025,12,"SFO",NA,2,0,37,7561.5,0,0
"DB1C.MARKET.202512.22SEP2026.parquet",2025,12,"SEA",1,2,0,688,108963.4,0,0
"DB1C.MARKET.202512.22SEP2026.parquet",2025,12,"LAS",NA,2,0,148,23468,0,0
"DB1C.MARKET.202512.22SEP2026.parquet",2025,12,"SEA",NA,2,0,47,8158.33,0,0
"DB1C.MARKET.202512.22SEP2026.parquet",2025,12,"SEA",NA,1,NA,85,0,0,85
"DB1C.MARKET.202512.22SEP2026.parquet",2025,12,"SFO",1,2,0,40,8911.93,0,0
"DB1C.MARKET.202512.22SEP2026.parquet",2025,12,"SLC",NA,2,0,51,8680.09,0,0
"DB1C.MARKET.202512.22SEP2026.parquet",2025,12,"SFO",NA,3,0,2,960.88,0,0
"DB1C.MARKET.202512.22SEP2026.parquet",2025,12,"SEA",1,1,NA,1,0,0,1
"DB1C.MARKET.202512.22SEP2026.parquet",2025,12,"SFO",1,1,NA,3,0,0,3
"DB1C.MARKET.202512.22SEP2026.parquet",2025,12,"SLC",1,3,0,3,404.2,0,0
"DB1C.MARKET.202512.22SEP2026.parquet",2025,12,"SEA",NA,3,0,1,412.69,0,0
"DB1C.MARKET.202604.15JUL2026.parquet",2026,4,"LAS",1,1,0,36423,4854533.36999943,28,29
"DB1C.MARKET.202604.15JUL2026.parquet",2026,4,"SFO",1,1,0,65335,10050900.6400001,28,7
"DB1C.MARKET.202604.15JUL2026.parquet",2026,4,"SFO",NA,1,0,2155,261626.17,0,0
"DB1C.MARKET.202604.15JUL2026.parquet",2026,4,"LAS",NA,1,0,1505,90825.99,0,0
"DB1C.MARKET.202604.15JUL2026.parquet",2026,4,"SEA",1,1,0,39721,8027148.59999907,2,19
"DB1C.MARKET.202604.15JUL2026.parquet",2026,4,"SLC",1,1,0,20879,3566744.07999975,6,17
"DB1C.MARKET.202604.15JUL2026.parquet",2026,4,"SEA",NA,1,0,1586,338561.38,0,0
"DB1C.MARKET.202604.15JUL2026.parquet",2026,4,"LAS",NA,1,NA,1034,0,0,1034
"DB1C.MARKET.202604.15JUL2026.parquet",2026,4,"SLC",NA,1,0,569,103312.64,0,1
"DB1C.MARKET.202604.15JUL2026.parquet",2026,4,"SEA",1,2,0,1206,216449.64,0,0
"DB1C.MARKET.202604.15JUL2026.parquet",2026,4,"SLC",1,2,0,607,100565.6,0,0
"DB1C.MARKET.202604.15JUL2026.parquet",2026,4,"SLC",NA,2,0,79,19601.33,0,0
"DB1C.MARKET.202604.15JUL2026.parquet",2026,4,"LAS",NA,2,0,136,17372.28,0,0
"DB1C.MARKET.202604.15JUL2026.parquet",2026,4,"SFO",NA,1,NA,2290,0,0,2290
"DB1C.MARKET.202604.15JUL2026.parquet",2026,4,"SFO",NA,2,0,26,4750.86,0,0
"DB1C.MARKET.202604.15JUL2026.parquet",2026,4,"SEA",NA,2,0,98,18692.09,0,0
"DB1C.MARKET.202604.15JUL2026.parquet",2026,4,"SEA",NA,1,NA,168,0,0,168
"DB1C.MARKET.202604.15JUL2026.parquet",2026,4,"SLC",NA,1,NA,41,0,0,41
"DB1C.MARKET.202604.15JUL2026.parquet",2026,4,"SLC",1,1,NA,1,0,0,1
"DB1C.MARKET.202604.15JUL2026.parquet",2026,4,"SFO",1,2,0,11,1125.75,0,0
"DB1C.MARKET.202604.15JUL2026.parquet",2026,4,"SLC",NA,3,0,1,270.56,0,0
"DB1C.MARKET.202604.15JUL2026.parquet",2026,4,"SEA",1,1,NA,3,0,0,3
"DB1C.MARKET.202604.15JUL2026.parquet",2026,4,"LAS",1,2,0,3,484.2,0,0
"DB1C.MARKET.202604.15JUL2026.parquet",2026,4,"SFO",NA,3,0,1,184.4,0,0
"DB1C.MARKET.202605.20AUG2026.parquet",2026,5,"SFO",1,1,0,72987,10839782.6500011,11,6
"DB1C.MARKET.202605.20AUG2026.parquet",2026,5,"SEA",1,1,0,41471,7666570.27999873,11,12
"DB1C.MARKET.202605.20AUG2026.parquet",2026,5,"SEA",NA,1,NA,205,0,0,205
"DB1C.MARKET.202605.20AUG2026.parquet",2026,5,"LAS",1,1,0,37886,6556093.33999934,27,59
"DB1C.MARKET.202605.20AUG2026.parquet",2026,5,"SFO",NA,1,0,2233,264786.62,0,0
"DB1C.MARKET.202605.20AUG2026.parquet",2026,5,"LAS",NA,1,NA,1167,0,0,1167
"DB1C.MARKET.202605.20AUG2026.parquet",2026,5,"SLC",1,2,0,537,96050.59,0,0
"DB1C.MARKET.202605.20AUG2026.parquet",2026,5,"SFO",NA,1,NA,2404,0,0,2404
"DB1C.MARKET.202605.20AUG2026.parquet",2026,5,"LAS",NA,1,0,1536,99517.64,0,1
"DB1C.MARKET.202605.20AUG2026.parquet",2026,5,"SEA",NA,1,0,1452,288382.65,0,0
"DB1C.MARKET.202605.20AUG2026.parquet",2026,5,"SLC",NA,2,0,71,14785.87,0,0
"DB1C.MARKET.202605.20AUG2026.parquet",2026,5,"LAS",NA,2,0,172,33133.61,0,1
"DB1C.MARKET.202605.20AUG2026.parquet",2026,5,"SEA",1,2,0,858,164309.319999999,0,0
"DB1C.MARKET.202605.20AUG2026.parquet",2026,5,"SFO",NA,2,0,31,6101.55,0,0
"DB1C.MARKET.202605.20AUG2026.parquet",2026,5,"SLC",1,1,0,20921,3740147.90999974,4,14
"DB1C.MARKET.202605.20AUG2026.parquet",2026,5,"SLC",NA,1,0,545,98819.0300000001,0,0
"DB1C.MARKET.202605.20AUG2026.parquet",2026,5,"SLC",NA,1,NA,51,0,0,51
"DB1C.MARKET.202605.20AUG2026.parquet",2026,5,"SFO",1,2,0,9,1219.63,0,0
"DB1C.MARKET.202605.20AUG2026.parquet",2026,5,"SEA",NA,2,0,47,9521.1,0,0
"DB1C.MARKET.202605.20AUG2026.parquet",2026,5,"SEA",1,3,0,1,995.7,0,0
"DB1C.MARKET.202605.20AUG2026.parquet",2026,5,"SFO",1,1,NA,1,0,0,1
"DB1C.MARKET.202605.20AUG2026.parquet",2026,5,"LAS",NA,4,0,1,1036.81,0,0
"DB1C.MARKET.202605.20AUG2026.parquet",2026,5,"SEA",1,4,0,1,995.7,0,0
"DB1C.MARKET.202605.20AUG2026.parquet",2026,5,"SLC",1,3,0,2,11.2,0,0
"DB1C.MARKET.202605.20AUG2026.parquet",2026,5,"SEA",1,1,NA,1,0,0,1
"DB1C.MARKET.202606.16SEP2026.parquet",2026,6,"LAS",1,1,0,28023,4420255.66999953,37,71
"DB1C.MARKET.202606.16SEP2026.parquet",2026,6,"SEA",1,1,0,45608,9862708.35999999,11,11
"DB1C.MARKET.202606.16SEP2026.parquet",2026,6,"SFO",1,1,0,73059,11200529.7500015,21,12
"DB1C.MARKET.202606.16SEP2026.parquet",2026,6,"LAS",NA,2,0,63,10875.71,0,0
"DB1C.MARKET.202606.16SEP2026.parquet",2026,6,"LAS",NA,1,NA,1235,0,0,1235
"DB1C.MARKET.202606.16SEP2026.parquet",2026,6,"SFO",NA,1,NA,3167,0,0,3167
"DB1C.MARKET.202606.16SEP2026.parquet",2026,6,"SEA",1,2,0,999,201341.249999999,0,0
"DB1C.MARKET.202606.16SEP2026.parquet",2026,6,"SLC",1,1,0,19394,3834479.37999975,0,11
"DB1C.MARKET.202606.16SEP2026.parquet",2026,6,"SEA",NA,1,0,1683,382114.66,0,0
"DB1C.MARKET.202606.16SEP2026.parquet",2026,6,"LAS",NA,1,0,1705,96047.97,0,0
"DB1C.MARKET.202606.16SEP2026.parquet",2026,6,"SFO",NA,1,0,2188,263097.88,0,0
"DB1C.MARKET.202606.16SEP2026.parquet",2026,6,"SLC",NA,1,0,623,128526.05,0,0
"DB1C.MARKET.202606.16SEP2026.parquet",2026,6,"SEA",NA,1,NA,332,0,0,332
"DB1C.MARKET.202606.16SEP2026.parquet",2026,6,"SLC",1,2,0,445,88584.7199999999,0,0
"DB1C.MARKET.202606.16SEP2026.parquet",2026,6,"SLC",NA,2,0,65,17595.35,0,0
"DB1C.MARKET.202606.16SEP2026.parquet",2026,6,"SEA",NA,2,0,45,8929.11,0,0
"DB1C.MARKET.202606.16SEP2026.parquet",2026,6,"SFO",1,2,0,26,3131.86,0,0
"DB1C.MARKET.202606.16SEP2026.parquet",2026,6,"SLC",NA,1,NA,75,0,0,75
"DB1C.MARKET.202606.16SEP2026.parquet",2026,6,"SFO",NA,3,0,2,1010,0,0
"DB1C.MARKET.202606.16SEP2026.parquet",2026,6,"SFO",NA,2,0,18,2785.93,0,0
"DB1C.MARKET.202606.16SEP2026.parquet",2026,6,"SEA",1,3,0,1,259.89,0,0
"DB1C.MARKET.202606.16SEP2026.parquet",2026,6,"SLC",1,1,NA,1,0,0,1
"DB1C.MARKET.202606.16SEP2026.parquet",2026,6,"SEA",1,1,NA,2,0,0,2
"DB1C.MARKET.202606.16SEP2026.parquet",2026,6,"SEA",NA,3,0,1,142.15,0,0
"DB1C.MARKET.202606.16SEP2026.parquet",2026,6,"LAS",1,1,NA,1,0,0,1
"DB1C.MARKET.202606.16SEP2026.parquet",2026,6,"SFO",1,1,NA,2,0,0,2
