market_file,RpYear,RpMonth,route,market_passengers,market_fare_sum,ground_passengers,ground_fare_sum,flying_passengers,flying_fare_sum
DB1C.MARKET.202512.22SEP2026.parquet,2025,12,SEA,41097,8359443.03000007,86,0,41011,8359443.03000007
DB1C.MARKET.202512.22SEP2026.parquet,2025,12,SFO,66583,9066645.72999921,2254,0,64329,9066645.72999921
DB1C.MARKET.202512.22SEP2026.parquet,2025,12,SLC,26479,4317162.48,71,0,26408,4317162.48
DB1C.MARKET.202512.22SEP2026.parquet,2025,12,LAS,48998,4778228.0799997,1558,0,47440,4778228.0799997
DB1C.MARKET.202604.15JUL2026.parquet,2026,4,LAS,39101,4963215.83999945,1034,0,38067,4963215.83999945
DB1C.MARKET.202604.15JUL2026.parquet,2026,4,SFO,69818,10318587.8200003,2290,0,67528,10318587.8200003
DB1C.MARKET.202604.15JUL2026.parquet,2026,4,SEA,42782,8600851.70999924,171,0,42611,8600851.70999924
DB1C.MARKET.202604.15JUL2026.parquet,2026,4,SLC,22177,3790494.20999969,42,0,22135,3790494.20999969
DB1C.MARKET.202605.20AUG2026.parquet,2026,5,LAS,40762,6689781.39999935,1167,0,39595,6689781.39999935
DB1C.MARKET.202605.20AUG2026.parquet,2026,5,SEA,44036,8130774.74999877,206,0,43830,8130774.74999877
DB1C.MARKET.202605.20AUG2026.parquet,2026,5,SFO,77665,11111890.4500013,2405,0,75260,11111890.4500013
DB1C.MARKET.202605.20AUG2026.parquet,2026,5,SLC,22127,3949814.59999972,51,0,22076,3949814.59999972
DB1C.MARKET.202606.16SEP2026.parquet,2026,6,LAS,31027,4527179.34999951,1236,0,29791,4527179.34999951
DB1C.MARKET.202606.16SEP2026.parquet,2026,6,SEA,48671,10455495.4200006,334,0,48337,10455495.4200006
DB1C.MARKET.202606.16SEP2026.parquet,2026,6,SFO,78462,11470555.4200018,3169,0,75293,11470555.4200018
DB1C.MARKET.202606.16SEP2026.parquet,2026,6,SLC,20603,4069185.4999997,76,0,20527,4069185.4999997
