route,journey_passengers,excluded_ticket_passengers,roundtrip_passengers,invalid_distance_passengers,passengers,fare_sum,observed_fare_passengers,retained_passengers,retained_fare_sum,added_passengers,added_fare_sum,surface_passengers,nonsurface_passengers,nonsurface_fare_sum,RpYear,RpMonth
SLC,26479,18626,18349,0,26479,4320473.15242462,26477,7853,1372158.17510748,18626,2948314.97731713,376,26103,4255421.75165694,2025,12
SFO,66579,37142,36343,0,66579,9180679.48049698,66572,29437,4223571.87101397,37142,4957107.60948303,3119,63460,8932258.52975728,2025,12
LAS,48990,25547,24573,0,48990,4830791.57147705,48979,23443,2395106.84866793,25547,2435684.72280912,1736,47254,4765089.60011294,2025,12
SEA,41093,28563,27931,0,41093,8359002.47893574,41093,12530,2768448.7619894,28563,5590553.71694636,1358,39735,8098891.20098304,2025,12
LAS,39101,20953,20134,0,39101,5001691.57033786,39073,18148,2456433.51445625,20953,2545258.05588161,1175,37926,4949776.17639436,2026,4
SEA,42782,30115,29522,0,42782,8607204.77168066,42780,12667,2873658.4972687,30115,5733546.27441194,1512,41270,8312514.15724303,2026,4
SFO,69818,40620,39760,0,69818,10429414.8918153,69790,29198,4549528.14537314,40620,5879886.74644215,3250,66568,10152570.3535236,2026,4
SLC,22177,15072,14819,0,22177,3788802.67564555,22171,7105,1283964.14898723,15072,2504838.52665832,330,21847,3732911.07382666,2026,4
SFO,77665,45158,44117,0,77665,11229259.2567616,77654,32507,4918551.54925248,45158,6310707.7075091,3309,74356,10959957.2551301,2026,5
LAS,40762,21347,20473,0,40762,6732029.53697475,40735,19415,3441246.21166189,21347,3290783.32531285,1295,39467,6675905.8520439,2026,5
SEA,44036,31623,31047,0,44036,8146473.26524971,44025,12413,2631982.12185858,31623,5514491.14339113,1224,42812,7933120.99999141,2026,5
SLC,22127,14697,14457,0,22127,3949439.48092809,22123,7430,1425249.43766327,14697,2524190.04326482,321,21806,3889715.069137,2026,5
SLC,20603,13790,13527,0,20603,4070542.51501312,20603,6813,1410863.8243526,13790,2659678.69066052,406,20197,3996338.98966799,2026,6
SFO,78462,44465,43490,0,78462,11626406.1843703,78441,33997,5252577.7087909,44465,6373828.47557947,4055,74407,11324193.0194526,2026,6
SEA,48671,34435,33625,0,48671,10482580.4832421,48660,14236,3400094.39344447,34435,7082486.08979764,1335,47336,10224829.6293687,2026,6
LAS,31027,16093,15005,0,31027,4568401.60872755,30990,14934,2396257.36914227,16093,2172144.23958528,1381,29646,4511829.40160895,2026,6
