"file","RpYear","RpMonth","route","passengers","fare_sum","fare"
"DB1C.MARKET.202604.15JUL2026.parquet",2026,4,"LAS",39101,4963215.83999943,126.933220122233
"DB1C.MARKET.202604.15JUL2026.parquet",2026,4,"SFO",69818,10318587.8200002,147.792658340259
"DB1C.MARKET.202604.15JUL2026.parquet",2026,4,"SEA",42782,8600851.70999916,201.039028329652
"DB1C.MARKET.202604.15JUL2026.parquet",2026,4,"SLC",22177,3790494.2099997,170.9200617757
"DB1C.MARKET.202605.20AUG2026.parquet",2026,5,"LAS",40762,6689781.39999937,164.118085471747
"DB1C.MARKET.202605.20AUG2026.parquet",2026,5,"SEA",44036,8130774.74999887,184.639266736281
"DB1C.MARKET.202605.20AUG2026.parquet",2026,5,"SFO",77665,11111890.4500013,143.074621129226
"DB1C.MARKET.202605.20AUG2026.parquet",2026,5,"SLC",22127,3949814.5999997,178.506557599299
"DB1C.MARKET.202606.16SEP2026.parquet",2026,6,"LAS",31027,4527179.34999952,145.910959809183
"DB1C.MARKET.202606.16SEP2026.parquet",2026,6,"SEA",48671,10455495.4200008,214.819819194198
"DB1C.MARKET.202606.16SEP2026.parquet",2026,6,"SFO",78462,11470555.4200017,146.192493436334
"DB1C.MARKET.202606.16SEP2026.parquet",2026,6,"SLC",20603,4069185.49999971,197.504513905728
