"RpYear","RpMonth","route","public_passengers","public_fare","public_fare_sum","market_file","market_passengers","market_fare_sum","market_fare","public_minus_market_percent"
2025,12,"SLC",26247,164.095576743189,4307016.60277848,"DB1C.MARKET.202512.22SEP2026.parquet",26479,4317162.47999975,163.040993995232,0.646820607575305
2025,12,"SFO",63265,142.523847934688,9016771.23958804,"DB1C.MARKET.202512.22SEP2026.parquet",66583,9066645.72999969,136.17058002793,4.66566853534336
2025,12,"LAS",45527,102.556296370688,4669080.50486831,"DB1C.MARKET.202512.22SEP2026.parquet",48998,4778228.07999954,97.5188391362818,5.16562469264665
2025,12,"SEA",40989,204.745795248049,8392325.40142229,"DB1C.MARKET.202512.22SEP2026.parquet",41097,8359443.0300005,203.407621724226,0.657877769023796
2026,4,"LAS",36632,133.097507184464,4875627.88318127,"DB1C.MARKET.202604.15JUL2026.parquet",39101,4963215.83999944,126.933220122233,4.85632292026801
2026,4,"SEA",42381,202.721372640679,8591534.4938846,"DB1C.MARKET.202604.15JUL2026.parquet",42782,8600851.70999924,201.039028329654,0.836824732492447
2026,4,"SFO",65920,154.506871820719,10185092.9904218,"DB1C.MARKET.202604.15JUL2026.parquet",69818,10318587.8200002,147.792658340259,4.54299527179649
2026,4,"SLC",21989,173.012682746437,3804375.88091141,"DB1C.MARKET.202604.15JUL2026.parquet",22177,3790494.2099997,170.9200617757,1.22432729604516
2026,5,"LAS",38036,172.783999112855,6572012.19025654,"DB1C.MARKET.202605.20AUG2026.parquet",40762,6689781.39999935,164.118085471747,5.28029169740676
2026,5,"SEA",43690,186.324937156402,8140536.50436319,"DB1C.MARKET.202605.20AUG2026.parquet",44036,8130774.74999874,184.639266736278,0.912953376559544
2026,5,"SFO",73636,149.058908644967,10976101.7969808,"DB1C.MARKET.202605.20AUG2026.parquet",77665,11111890.4500014,143.074621129227,4.18263383716051
2026,5,"SLC",21877,180.626234083101,3951560.12303601,"DB1C.MARKET.202605.20AUG2026.parquet",22127,3949814.5999997,178.5065575993,1.18745020480417
2026,6,"SLC",20278,199.33270104493,4042068.51178909,"DB1C.MARKET.202606.16SEP2026.parquet",20603,4069185.4999997,197.504513905727,0.925643218501415
2026,6,"SFO",73640,153.729886389407,11320668.8337159,"DB1C.MARKET.202606.16SEP2026.parquet",78462,11470555.4200017,146.192493436334,5.15580025752465
2026,6,"SEA",48058,217.126696717853,10434674.7908666,"DB1C.MARKET.202606.16SEP2026.parquet",48671,10455495.4200008,214.819819194199,1.07386624395649
2026,6,"LAS",28123,157.573327609534,4431434.69236292,"DB1C.MARKET.202606.16SEP2026.parquet",31027,4527179.34999951,145.910959809183,7.99279767304855
