YEAR,QUARTER,route,fare,passengers,journey_passengers,missing_fare_passengers,invalid_distance_passengers,observed_only_fare,nonsurface_fare
2025,3,LAS,99.6586995770535,151252,151252,44,0,99.6876992515508,99.7176625041098
2025,3,SLC,148.056384936512,73595,73595,0,0,148.056384936512,147.490479997726
2025,3,SFO,126.89297670927,201429,201429,19,0,126.904947150447,126.474800555991
2025,3,SEA,191.08943204828,132150,132150,3,0,191.09377015884,190.94812745675
2025,4,SFO,139.804480031094,201511,201511,34,0,139.82807256186,139.461704869043
2025,4,SEA,199.826911344578,116068,116068,1,0,199.828632995963,199.627531847481
2025,4,LAS,108.933013979477,137478,137478,46,0,108.969475055813,108.988916950224
2025,4,SLC,155.159978090394,76903,76903,2,0,155.164013407961,154.427390045763
2026,1,LAS,114.224737086438,129612,129612,63,0,114.280284859377,114.277277243851
2026,1,SFO,156.82225368268,186989,186989,40,0,156.855807700874,156.380430068383
2026,1,SEA,193.411190538805,98578,98578,7,0,193.424925596112,193.339236106602
2026,1,SLC,173.156431165684,80072,80072,9,0,173.175895935684,172.630285418944
2026,2,LAS,154.479232284935,102791,102791,92,0,154.617618144293,154.4801607719
2026,2,SEA,202.541924484,134129,134129,24,0,202.578172246481,202.337256211485
2026,2,SFO,152.356815423922,213196,213196,60,0,152.399705451536,152.006909559905
2026,2,SLC,183.929978107641,64144,64144,10,0,183.958657120038,183.147287756862
