YEAR,QUARTER,route,fare,passengers,source,date,prior_fare,yoy_percent
2023,1,LAS,95.5184826527314,37124,DB1B MARKET,2023-01-01,,
2023,2,LAS,95.893953242539,40678,DB1B MARKET,2023-04-01,,
2023,3,LAS,94.4439816950129,41628,DB1B MARKET,2023-07-01,,
2023,4,LAS,100.802623267028,41475,DB1B MARKET,2023-10-01,,
2024,1,LAS,108.378018804218,38502,DB1B MARKET,2024-01-01,95.5184826527314,13.4628773346819
2024,2,LAS,98.012676862893,42434,DB1B MARKET,2024-04-01,95.893953242539,2.20944444223219
2024,3,LAS,97.6239615747289,42420,DB1B MARKET,2024-07-01,94.4439816950129,3.36705401725341
2024,4,LAS,106.154925785908,39413,DB1B MARKET,2024-10-01,100.802623267028,5.30968574567912
2025,1,LAS,106.278582836675,34061,DB1B MARKET,2025-01-01,108.378018804218,-1.93714185838327
2025,2,LAS,96.4972189187715,36662,DB1B MARKET,2025-04-01,98.012676862893,-1.54618564927212
2025,3,LAS,99.6586995770535,151252,DB1C PUBLIC reconstructed journeys,2025-07-01,97.6239615747289,2.08426084078455
2025,4,LAS,108.933013979477,137478,DB1C PUBLIC reconstructed journeys,2025-10-01,106.154925785908,2.61701298644528
2026,1,LAS,114.224737086438,129612,DB1C PUBLIC reconstructed journeys,2026-01-01,106.278582836675,7.47672206165437
2026,2,LAS,154.479232284935,102791,DB1C PUBLIC reconstructed journeys,2026-04-01,96.4972189187715,60.0867196131019
2023,1,SEA,183.290921345852,27373,DB1B MARKET,2023-01-01,,
2023,2,SEA,165.069026961029,40132,DB1B MARKET,2023-04-01,,
2023,3,SEA,151.912558812567,45611,DB1B MARKET,2023-07-01,,
2023,4,SEA,151.861999198718,34944,DB1B MARKET,2023-10-01,,
2024,1,SEA,175.239788143468,26905,DB1B MARKET,2024-01-01,183.290921345852,-4.39254336399582
2024,2,SEA,177.313547674385,34851,DB1B MARKET,2024-04-01,165.069026961029,7.417818435585
2024,3,SEA,161.937480079681,41164,DB1B MARKET,2024-07-01,151.912558812567,6.5991392321177
2024,4,SEA,169.214609955109,35419,DB1B MARKET,2024-10-01,151.861999198718,11.4265654659823
2025,1,SEA,158.674063653818,27084,DB1B MARKET,2025-01-01,175.239788143468,-9.45317536910494
2025,2,SEA,169.495871208778,33993,DB1B MARKET,2025-04-01,177.313547674385,-4.4089560939603
2025,3,SEA,191.08943204828,132150,DB1C PUBLIC reconstructed journeys,2025-07-01,161.937480079681,18.0019795011354
2025,4,SEA,199.826911344578,116068,DB1C PUBLIC reconstructed journeys,2025-10-01,169.214609955109,18.0908146155879
2026,1,SEA,193.411190538805,98578,DB1C PUBLIC reconstructed journeys,2026-01-01,158.674063653818,21.8921265927705
2026,2,SEA,202.541924484,134129,DB1C PUBLIC reconstructed journeys,2026-04-01,169.495871208778,19.4966715351531
2023,1,SFO,122.278497900716,40490,DB1B MARKET,2023-01-01,,
2023,2,SFO,125.971761088114,50730,DB1B MARKET,2023-04-01,,
2023,3,SFO,116.034884796269,50606,DB1B MARKET,2023-07-01,,
2023,4,SFO,124.868274239417,48877,DB1B MARKET,2023-10-01,,
2024,1,SFO,127.08465967838,41975,DB1B MARKET,2024-01-01,122.278497900716,3.93050443060428
2024,2,SFO,122.7217107161,49225,DB1B MARKET,2024-04-01,125.971761088114,-2.57998327874504
2024,3,SFO,112.675847990312,52023,DB1B MARKET,2024-07-01,116.034884796269,-2.89485081305911
2024,4,SFO,114.239818249604,53645,DB1B MARKET,2024-10-01,124.868274239417,-8.51173450946753
2025,1,SFO,115.749447305675,41940,DB1B MARKET,2025-01-01,127.08465967838,-8.91941828493827
2025,2,SFO,126.042075680183,47965,DB1B MARKET,2025-04-01,122.7217107161,2.70560518160004
2025,3,SFO,126.89297670927,201429,DB1C PUBLIC reconstructed journeys,2025-07-01,112.675847990312,12.6177250693334
2025,4,SFO,139.804480031094,201511,DB1C PUBLIC reconstructed journeys,2025-10-01,114.239818249604,22.3780658733487
2026,1,SFO,156.82225368268,186989,DB1C PUBLIC reconstructed journeys,2026-01-01,115.749447305675,35.4842354180224
2026,2,SFO,152.356815423922,213196,DB1C PUBLIC reconstructed journeys,2026-04-01,126.042075680183,20.8777422949695
2023,1,SLC,163.512404761905,24780,DB1B MARKET,2023-01-01,,
2023,2,SLC,135.452951893096,22450,DB1B MARKET,2023-04-01,,
2023,3,SLC,122.329053759908,24349,DB1B MARKET,2023-07-01,,
2023,4,SLC,131.475622225273,21849,DB1B MARKET,2023-10-01,,
2024,1,SLC,146.467413035874,25729,DB1B MARKET,2024-01-01,163.512404761905,-10.4242805008285
2024,2,SLC,121.289855378126,23233,DB1B MARKET,2024-04-01,135.452951893096,-10.4561003042208
2024,3,SLC,125.051603974772,22039,DB1B MARKET,2024-07-01,122.329053759908,2.22559574457877
2024,4,SLC,161.417630239136,19445,DB1B MARKET,2024-10-01,131.475622225273,22.773809704859
2025,1,SLC,162.384331286644,21661,DB1B MARKET,2025-01-01,146.467413035874,10.8672078797975
2025,2,SLC,153.06578283103,18382,DB1B MARKET,2025-04-01,121.289855378126,26.1983389738913
2025,3,SLC,148.056384936512,73595,DB1C PUBLIC reconstructed journeys,2025-07-01,125.051603974772,18.39623022059
2025,4,SLC,155.159978090394,76903,DB1C PUBLIC reconstructed journeys,2025-10-01,161.417630239136,-3.87668443618645
2026,1,SLC,173.156431165684,80072,DB1C PUBLIC reconstructed journeys,2026-01-01,162.384331286644,6.63370646274044
2026,2,SLC,183.929978107641,64144,DB1C PUBLIC reconstructed journeys,2026-04-01,153.06578283103,20.1640070731431
