figure,outcome,route,year,quarter,approved_pdf_value_approx,reconstructed_value,difference
Flight-Prices-lax.pdf,fare,LAS,2023,1,95.5211584071901,95.5184826527314,-0.002675754458707047
Flight-Prices-lax.pdf,fare,LAS,2023,2,95.89564349020097,95.893953242539,-0.0016902476619691242
Flight-Prices-lax.pdf,fare,LAS,2023,3,94.44264136811879,94.4439816950129,0.0013403268941090118
Flight-Prices-lax.pdf,fare,LAS,2023,4,100.8088877793034,100.802623267028,-0.0062645122754076965
Flight-Prices-lax.pdf,fare,LAS,2024,1,108.37348645612288,108.378018804218,0.004532348095125371
Flight-Prices-lax.pdf,fare,LAS,2024,2,98.00773935838217,98.012676862893,0.004937504510834856
Flight-Prices-lax.pdf,fare,LAS,2024,3,97.61827487205089,97.6239615747289,0.0056867026780054175
Flight-Prices-lax.pdf,fare,LAS,2024,4,106.15653476469856,106.154925785908,-0.001608978790557103
Flight-Prices-lax.pdf,fare,LAS,2025,1,106.2763699912621,106.278582836675,0.0022128454128989006
Flight-Prices-lax.pdf,fare,LAS,2025,2,96.4948196230183,96.4972189187715,0.002399295753193087
Flight-Prices-lax.pdf,fare,LAS,2025,3,112.3729871426788,112.364301228997,-0.008685913681802049
Flight-Prices-lax.pdf,fare,LAS,2025,4,118.90400699038821,118.901612466692,-0.0023945236962106264
Flight-Prices-lax.pdf,fare,SEA,2023,1,183.2854824616153,183.290921345852,0.0054388842367245616
Flight-Prices-lax.pdf,fare,SEA,2023,2,165.05554862064662,165.069026961029,0.013478340382391707
Flight-Prices-lax.pdf,fare,SEA,2023,3,151.90363250530524,151.912558812567,0.008926307261759803
Flight-Prices-lax.pdf,fare,SEA,2023,4,151.8586942953439,151.861999198718,0.0033049033741008316
Flight-Prices-lax.pdf,fare,SEA,2024,1,175.2265634752216,175.239788143468,0.013224668246380133
Flight-Prices-lax.pdf,fare,SEA,2024,2,177.30870053676193,177.313547674385,0.00484713762307365
Flight-Prices-lax.pdf,fare,SEA,2024,3,161.92485332667584,161.937480079681,0.012626753005150704
Flight-Prices-lax.pdf,fare,SEA,2024,4,169.204843340407,169.214609955109,0.00976661470201634
Flight-Prices-lax.pdf,fare,SEA,2025,1,158.67432280614156,158.674063653818,-0.00025915232356510387
Flight-Prices-lax.pdf,fare,SEA,2025,2,169.48945200349524,169.495871208778,0.006419205282753637
Flight-Prices-lax.pdf,fare,SEA,2025,3,215.26650855074277,215.270121371429,0.0036128206862429124
Flight-Prices-lax.pdf,fare,SEA,2025,4,226.86056672075892,226.860601824395,3.5103636065514365e-05
Flight-Prices-lax.pdf,fare,SFO,2023,1,122.27437273748592,122.278497900716,0.0041251632300856045
Flight-Prices-lax.pdf,fare,SFO,2023,2,125.97428535763326,125.971761088114,-0.002524269519270206
Flight-Prices-lax.pdf,fare,SFO,2023,3,116.0279615528648,116.034884796269,0.00692324340420214
Flight-Prices-lax.pdf,fare,SFO,2023,4,124.8658095119211,124.868274239417,0.0024647274959050947
Flight-Prices-lax.pdf,fare,SFO,2024,1,127.08276120334538,127.08465967838,0.001898475034622038
Flight-Prices-lax.pdf,fare,SFO,2024,2,122.72375483709898,122.7217107161,-0.0020441209989741083
Flight-Prices-lax.pdf,fare,SFO,2024,3,112.67257520908748,112.675847990312,0.003272781224509913
Flight-Prices-lax.pdf,fare,SFO,2024,4,114.2454125577331,114.239818249604,-0.005594308129104775
Flight-Prices-lax.pdf,fare,SFO,2025,1,115.74335288977655,115.749447305675,0.006094415898459715
Flight-Prices-lax.pdf,fare,SFO,2025,2,126.03420297091499,126.042075680183,0.007872709268013978
Flight-Prices-lax.pdf,fare,SFO,2025,3,144.84833354138055,144.843709201028,-0.0046243403525636495
Flight-Prices-lax.pdf,fare,SFO,2025,4,158.23992010984892,158.236475907186,-0.0034442026629335487
Flight-Prices-lax.pdf,fare,SLC,2023,1,163.5126700786419,163.512404761905,-0.00026531673688623414
Flight-Prices-lax.pdf,fare,SLC,2023,2,135.45624765946823,135.452951893096,-0.0032957663722186226
Flight-Prices-lax.pdf,fare,SLC,2023,3,122.33429035076772,122.329053759908,-0.005236590859709622
Flight-Prices-lax.pdf,fare,SLC,2023,4,131.48670577955312,131.475622225273,-0.011083554280105545
Flight-Prices-lax.pdf,fare,SLC,2024,1,146.46610909998753,146.467413035874,0.0013039358864546102
Flight-Prices-lax.pdf,fare,SLC,2024,2,121.30071152165772,121.289855378126,-0.010856143531711382
Flight-Prices-lax.pdf,fare,SLC,2024,3,125.06054175508676,125.051603974772,-0.008937780314766997
Flight-Prices-lax.pdf,fare,SLC,2024,4,161.41555361378107,161.417630239136,0.0020766253549311386
Flight-Prices-lax.pdf,fare,SLC,2025,1,162.3892148296093,162.384331286644,-0.0048835429653024676
Flight-Prices-lax.pdf,fare,SLC,2025,2,153.0720259642991,153.06578283103,-0.006243133269094869
Flight-Prices-lax.pdf,fare,SLC,2025,3,171.15216577206343,171.141061202724,-0.011104569339437376
Flight-Prices-lax.pdf,fare,SLC,2025,4,174.68730495568593,174.68116617452,-0.0061387811659301406
Flight-Prices-lax-yoy.pdf,yoy_percent,LAS,2024,1,13.460004431641938,13.462877334681878,0.0028729030399397004
Flight-Prices-lax-yoy.pdf,yoy_percent,LAS,2024,2,2.209173498781279,2.209444442232189,0.00027094345090983296
Flight-Prices-lax-yoy.pdf,yoy_percent,LAS,2024,3,3.366939951251938,3.3670540172534125,0.00011406600147445545
Flight-Prices-lax-yoy.pdf,yoy_percent,LAS,2024,4,5.305783292709949,5.309685745679116,0.003902452969167136
Flight-Prices-lax-yoy.pdf,yoy_percent,LAS,2025,1,-1.9399512519388669,-1.9371418583832734,0.002809393555593509
Flight-Prices-lax-yoy.pdf,yoy_percent,LAS,2025,2,-1.5466430312430806,-1.5461856492721249,0.00045738197095568367
Flight-Prices-lax-yoy.pdf,yoy_percent,LAS,2025,3,15.099711943275018,15.099100073893945,-0.0006118693810730491
Flight-Prices-lax-yoy.pdf,yoy_percent,LAS,2025,4,12.00310214934635,12.007626199552313,0.004524050205962027
Flight-Prices-lax-yoy.pdf,yoy_percent,SEA,2024,1,-4.393972966984265,-4.392543363995816,0.0014296029884492967
Flight-Prices-lax-yoy.pdf,yoy_percent,SEA,2024,2,7.416352758697098,7.417818435585,0.001465676887901779
Flight-Prices-lax-yoy.pdf,yoy_percent,SEA,2024,3,6.5964990028805595,6.599139232117701,0.002640229237141689
Flight-Prices-lax-yoy.pdf,yoy_percent,SEA,2024,4,11.426988699313103,11.426565465982286,-0.00042323333081739634
Flight-Prices-lax-yoy.pdf,yoy_percent,SEA,2025,1,-9.451584311987586,-9.453175369104938,-0.0015910571173520793
Flight-Prices-lax-yoy.pdf,yoy_percent,SEA,2025,2,-4.410591624196747,-4.408956093960303,0.001635530236443472
Flight-Prices-lax-yoy.pdf,yoy_percent,SEA,2025,3,32.93707068468868,32.934093617799775,-0.0029770668889028684
Flight-Prices-lax-yoy.pdf,yoy_percent,SEA,2025,4,34.0671393751385,34.066793573308416,-0.0003458018300861454
Flight-Prices-lax-yoy.pdf,yoy_percent,SFO,2024,1,3.9304309294339266,3.930504430604276,7.350117034921055e-05
Flight-Prices-lax-yoy.pdf,yoy_percent,SFO,2024,2,-2.5778220892876877,-2.579983278745035,-0.0021611894573472235
Flight-Prices-lax-yoy.pdf,yoy_percent,SFO,2024,3,-2.8935415974299232,-2.8948508130591133,-0.0013092156291900636
Flight-Prices-lax-yoy.pdf,yoy_percent,SFO,2024,4,-8.510025479118202,-8.511734509467528,-0.001709030349326568
Flight-Prices-lax-yoy.pdf,yoy_percent,SFO,2025,1,-8.919906945829169,-8.919418284938274,0.000488660890894721
Flight-Prices-lax-yoy.pdf,yoy_percent,SFO,2025,2,2.706325468040326,2.705605181600035,-0.0007202864402913178
Flight-Prices-lax-yoy.pdf,yoy_percent,SFO,2025,3,28.54547468704999,28.54902961412089,0.003554927070901215
Flight-Prices-lax-yoy.pdf,yoy_percent,SFO,2025,4,38.510025479118205,38.51254171417986,0.0025162350616554363
Flight-Prices-lax-yoy.pdf,yoy_percent,SLC,2024,1,-10.42654553512076,-10.424280500828488,0.0022650342922716504
Flight-Prices-lax-yoy.pdf,yoy_percent,SLC,2024,2,-10.459782849545755,-10.456100304220762,0.003682545324993569
Flight-Prices-lax-yoy.pdf,yoy_percent,SLC,2024,3,2.2257921559937905,2.2255957445787677,-0.00019641141502280135
Flight-Prices-lax-yoy.pdf,yoy_percent,SLC,2024,4,22.77199202304454,22.773809704859005,0.0018176818144652884
Flight-Prices-lax-yoy.pdf,yoy_percent,SLC,2025,1,10.867493906492353,10.86720787979747,-0.0002860266948836454
Flight-Prices-lax-yoy.pdf,yoy_percent,SLC,2025,2,26.19543540881896,26.1983389738913,0.002903565072340797
Flight-Prices-lax-yoy.pdf,yoy_percent,SLC,2025,3,36.85353423443385,36.85635030898933,0.0028160745554757227
Flight-Prices-lax-yoy.pdf,yoy_percent,SLC,2025,4,8.21404830489696,8.216906614063424,0.0028583091664646787
Flight-Prices-lax-yoy-2025.pdf,yoy_percent,LAS,2025,1,-1.9399512519388669,-1.9371418583832734,0.002809393555593509
Flight-Prices-lax-yoy-2025.pdf,yoy_percent,LAS,2025,2,-1.5466430312430806,-1.5461856492721249,0.00045738197095568367
Flight-Prices-lax-yoy-2025.pdf,yoy_percent,LAS,2025,3,15.099711943275018,15.099100073893945,-0.0006118693810730491
Flight-Prices-lax-yoy-2025.pdf,yoy_percent,LAS,2025,4,12.00310214934635,12.007626199552313,0.004524050205962027
Flight-Prices-lax-yoy-2025.pdf,yoy_percent,SEA,2025,1,-9.451584311987586,-9.453175369104938,-0.0015910571173520793
Flight-Prices-lax-yoy-2025.pdf,yoy_percent,SEA,2025,2,-4.410591624196747,-4.408956093960303,0.001635530236443472
Flight-Prices-lax-yoy-2025.pdf,yoy_percent,SEA,2025,3,32.93707068468868,32.934093617799775,-0.0029770668889028684
Flight-Prices-lax-yoy-2025.pdf,yoy_percent,SEA,2025,4,34.0671393751385,34.066793573308416,-0.0003458018300861454
Flight-Prices-lax-yoy-2025.pdf,yoy_percent,SFO,2025,1,-8.919906945829169,-8.919418284938274,0.000488660890894721
Flight-Prices-lax-yoy-2025.pdf,yoy_percent,SFO,2025,2,2.706325468040326,2.705605181600035,-0.0007202864402913178
Flight-Prices-lax-yoy-2025.pdf,yoy_percent,SFO,2025,3,28.54547468704999,28.54902961412089,0.003554927070901215
Flight-Prices-lax-yoy-2025.pdf,yoy_percent,SFO,2025,4,38.510025479118205,38.51254171417986,0.0025162350616554363
Flight-Prices-lax-yoy-2025.pdf,yoy_percent,SLC,2025,1,10.867493906492353,10.86720787979747,-0.0002860266948836454
Flight-Prices-lax-yoy-2025.pdf,yoy_percent,SLC,2025,2,26.19543540881896,26.1983389738913,0.002903565072340797
Flight-Prices-lax-yoy-2025.pdf,yoy_percent,SLC,2025,3,36.85353423443385,36.85635030898933,0.0028160745554757227
Flight-Prices-lax-yoy-2025.pdf,yoy_percent,SLC,2025,4,8.21404830489696,8.216906614063424,0.0028583091664646787
