route,journey_passengers,from_excluded_tickets,from_roundtrip_tickets,RpYear,RpMonth
LAS,50029,25244,25003,2025,7
SLC,24387,16377,16239,2025,7
SFO,64766,34914,34639,2025,7
SEA,47729,31778,31269,2025,7
SLC,23894,15763,15625,2025,8
LAS,53280,27554,27271,2025,8
SFO,69542,37857,37568,2025,8
SEA,47303,31831,31330,2025,8
LAS,47943,23754,23479,2025,9
SFO,67121,37202,36924,2025,9
SEA,37118,24977,24610,2025,9
SLC,25314,17289,17159,2025,9
SFO,73550,41893,41535,2025,10
SEA,38128,26591,26209,2025,10
LAS,48458,24264,24025,2025,10
SLC,28888,19855,19715,2025,10
LAS,43493,20570,20386,2025,11
SEA,36951,25920,25565,2025,11
SFO,64696,34841,34541,2025,11
SLC,21768,15535,15426,2025,11
SLC,26247,18368,18217,2025,12
SFO,63265,33771,33459,2025,12
LAS,45527,22301,22093,2025,12
SEA,40989,28354,27901,2025,12
