RpYear,RpMonth,route,fare_sum,passengers,n_obs,dist_sum,missing_fare_passengers,nonpositive_passengers,tax_only_passengers,multiple_market_passengers,fare,QUARTER
2025,7,LAS,2898755.97,25339,25339,7605241,13,67,1912,577,114.398988515727,3
2025,7,SLC,1482944.95,8094,8094,5233643,0,8,825,125,183.215338522362,3
2025,7,SFO,4600528.1,30721,30721,13905998,6,11,2182,946,149.751899352235,3
2025,7,SEA,3406464.95,16020,16020,15956702,1,4,1088,171,212.638261548065,3
2025,8,LAS,2838849.36,26241,26241,7819898,11,88,1881,538,108.183733851606,3
2025,8,SFO,4549514.72000001,32495,32495,14130357,8,6,2295,851,140.006607785813,3
2025,8,SLC,1409301.01,8208,8208,5298224,0,17,848,128,171.698466130604,3
2025,8,SEA,3350774.84,15530,15530,15365238,2,4,1065,126,215.761419188667,3
2025,9,LAS,2829161.36,24661,24661,7064386,12,52,1672,481,114.722085884595,3
2025,9,SFO,4433834.76,30567,30567,12832268,5,12,2082,706,145.05299047993,3
2025,9,SEA,2660828.02,12200,12200,12251213,0,5,750,146,218.100657377049,3
2025,9,SLC,1279830.83,8076,8076,5144153,0,10,742,129,158.473356859832,3
2025,10,SFO,4868387.79000001,32211,32211,13193439,13,11,2091,632,151.14053553134,4
2025,10,LAS,3084086.37,24661,24661,7135892,15,48,1764,479,125.059258343133,4
2025,10,SLC,1515631.76,9125,9125,5837294,0,35,982,138,166.096631232877,4
2025,10,SEA,2598775.77,11575,11575,11483890,1,8,606,119,224.516265226782,4
2025,11,LAS,2809264.75,23331,23331,6719941,16,46,1636,423,120.409101624448,4
2025,11,SEA,2510652.81,11087,11087,11005690,0,0,725,105,226.450149724903,4
2025,11,SFO,4935184.38000001,30391,30391,12334799,14,13,1992,585,162.389667335725,4
2025,11,SLC,1093651.13,6283,6283,4023707,0,27,677,79,174.065116982333,4
2025,12,SFO,4878715.72000001,30185,30185,13041574,7,13,2296,756,161.627156534703,4
2025,12,LAS,2629397.56,23687,23687,6777586,11,42,1850,472,111.005934056656,4
2025,12,SLC,1472491.92,7959,7959,5130599,2,23,943,129,185.00966453072,4
2025,12,SEA,2923478.47,12747,12747,12840181,0,6,823,172,229.346392876755,4
