"YEAR","QUARTER","route","fare","passengers","n_obs","avg_dist"
2023,1,"LAS",95.5184826527314,37124,7331,236.005252666738
2023,2,"LAS",95.893953242539,40678,7129,236.009907075077
2023,3,"LAS",94.4439816950129,41628,7963,236.018905544345
2023,4,"LAS",100.802623267028,41475,9427,236.01162145871
2024,1,"LAS",108.378018804218,38502,10225,236.008389174588
2024,2,"LAS",98.012676862893,42434,10100,236.005349483904
2024,3,"LAS",97.6239615747289,42420,9997,236.004172560113
2024,4,"LAS",106.154925785908,39413,9945,236.013117499302
2025,1,"LAS",106.278582836675,34061,8637,236.011361968233
2025,2,"LAS",96.4972189187715,36662,8512,236.011674213082
2025,3,"LAS",112.364301228997,76241,76241,294.979407405464
2025,4,"LAS",118.901612466692,71679,71679,287.858633630492
2023,1,"SEA",183.290921345852,27373,7659,961.548240967377
2023,2,"SEA",165.069026961029,40132,9538,957.661292733978
2023,3,"SEA",151.912558812567,45611,9589,957.597136655631
2023,4,"SEA",151.861999198718,34944,8955,957.699776785714
2024,1,"SEA",175.239788143468,26905,8976,959.07310908753
2024,2,"SEA",177.313547674385,34851,8407,958.014547645692
2024,3,"SEA",161.937480079681,41164,9728,959.08449130308
2024,4,"SEA",169.214609955109,35419,8860,957.791016121291
2025,1,"SEA",158.674063653818,27084,8463,958.838317826023
2025,2,"SEA",169.495871208778,33993,9103,958.404877474774
2025,3,"SEA",215.270121371429,43750,43750,995.957782857143
2025,4,"SEA",226.860601824395,35409,35409,997.762179107007
2023,1,"SFO",122.278497900716,40490,10756,337.586910348234
2023,2,"SFO",125.971761088114,50730,12631,337.755568697023
2023,3,"SFO",116.034884796269,50606,10578,337.959886179504
2023,4,"SFO",124.868274239417,48877,11220,338.000143216646
2024,1,"SFO",127.08465967838,41975,11597,337.897677188803
2024,2,"SFO",122.7217107161,49225,12169,337.720182833926
2024,3,"SFO",112.675847990312,52023,12347,337.817253906926
2024,4,"SFO",114.239818249604,53645,13245,337.716301612452
2025,1,"SFO",115.749447305675,41940,11493,337.69744873629
2025,2,"SFO",126.042075680183,47965,12211,337.69534035234
2025,3,"SFO",144.843709201028,93783,93783,435.778584604886
2025,4,"SFO",158.236475907186,92787,92787,415.681205341265
2023,1,"SLC",163.512404761905,24780,7133,604.509443099274
2023,2,"SLC",135.452951893096,22450,5618,599.865122494432
2023,3,"SLC",122.329053759908,24349,5496,600.859829972483
2023,4,"SLC",131.475622225273,21849,5496,602.796649732253
2024,1,"SLC",146.467413035874,25729,8659,598.384896420382
2024,2,"SLC",121.289855378126,23233,6281,598.569663840227
2024,3,"SLC",125.051603974772,22039,5994,600.286900494578
2024,4,"SLC",161.417630239136,19445,7044,604.644073026485
2025,1,"SLC",162.384331286644,21661,7664,600.191957896681
2025,2,"SLC",153.06578283103,18382,5802,600.709444021325
2025,3,"SLC",171.141061202724,24378,24378,643.039625892198
2025,4,"SLC",174.68116617452,23367,23367,641.571446912312
