"outcome","event_time","estimate_pct","ci_low_pct","ci_high_pct"
"ADR",-12,1.76152083323657,-5.48803484315169,9.56715485820041
"ADR",-11,2.26132535444343,-5.96201693155194,11.2037744964782
"ADR",-10,2.27256343744959,-2.2830999838538,7.04061662147335
"ADR",-9,2.12523998666412,-4.03257220330627,8.67817218597016
"ADR",-8,-1.80776420618062,-9.72089205480807,6.79896367654043
"ADR",-7,-0.317485540350215,-7.76562974000228,7.73211397213625
"ADR",-6,0.0479139587864053,-6.4179076246912,6.96047537985707
"ADR",-5,2.46692643024589,-2.34062600577886,7.51114391417986
"ADR",-4,-0.0303752438338689,-5.46380749287048,5.7153414882344
"ADR",-3,3.184105866632,-1.51618076512181,8.10872066307604
"ADR",-2,2.01437688917561,-0.728282999312702,4.83281045712864
"ADR",-1,0,0,0
"ADR",0,1.40367198716629,-2.50829340545972,5.47260943175101
"ADR",1,2.24048527601803,-4.70973097363686,9.69763162893043
"ADR",2,-0.177481140303382,-5.09336984042864,4.99303636364083
"ADR",3,1.05886645906015,-2.55289960317273,4.80449852690199
"ADR",4,-3.51349811084072,-10.1144513889282,3.5722114473473
"ADR",5,-3.04436496467454,-11.0186182818542,5.64451780350621
"ADR",6,-0.763743756872215,-9.31089208105218,8.58894501369545
"ADR",7,1.44382398071339,-4.43256206357626,7.68154557701914
"ADR",8,-0.999669951153093,-10.3782252217952,9.36031309395748
"ADR",9,-1.28220141384999,-5.68917029701592,3.33069689225025
"ADR",10,1.09841313207641,-3.837376199798,6.28754430681966
"ADR",11,-0.381043232536815,-5.60367176185285,5.13053561152466
"RevPAR",-12,3.12356368035398,-4.73031910582512,11.6249082218376
"RevPAR",-11,4.08074488238428,-4.73780641771832,13.7156415143353
"RevPAR",-10,4.31098541600798,-2.09634044638932,11.1376400848475
"RevPAR",-9,2.64375887436994,-4.30539583609112,10.0975475880942
"RevPAR",-8,1.43753478184259,-8.4132990470114,12.3478993735035
"RevPAR",-7,0.890869293131713,-5.69104028780065,7.93213643525206
"RevPAR",-6,0.600710409733907,-6.55283864054992,8.30187656545311
"RevPAR",-5,2.67075885239101,-4.85147713317128,10.787686510694
"RevPAR",-4,-0.721404945829529,-7.28923013315345,6.31169873883832
"RevPAR",-3,4.46028070406894,-2.82149395922817,12.2876929204355
"RevPAR",-2,3.98560756127782,-0.797318270041336,8.9991358229846
"RevPAR",-1,0,0,0
"RevPAR",0,1.21993017870878,-3.47881412207711,6.14741387803557
"RevPAR",1,4.10629504742293,-2.10021431355695,10.7062757339817
"RevPAR",2,0.341819272621269,-4.73304648313522,5.68702286839684
"RevPAR",3,2.58611976702647,-3.54263950777365,9.10429142110767
"RevPAR",4,-4.62696791129034,-11.8466734443174,3.18402725333893
"RevPAR",5,-4.91240249614191,-13.3367420271385,4.33084804966712
"RevPAR",6,-3.66916268473219,-10.3245823146745,3.48020067688084
"RevPAR",7,-0.726883557931235,-6.1343585812414,4.9921089246511
"RevPAR",8,-1.68109645334119,-13.2421800297913,11.420582005594
"RevPAR",9,-1.25423565262981,-8.79505587561331,6.91005920959917
"RevPAR",10,1.58325659513039,-2.88477190028937,6.25684789492711
"RevPAR",11,-3.41916977560626,-8.63035745740409,2.08923343970164
