"date","group","adr_yoy","revpar_yoy"
2023-01-01,"AllTreated",0.127,0.377
2023-02-01,"AllTreated",-0.109,-0.012
2023-03-01,"AllTreated",0.072,0.145
2023-04-01,"AllTreated",0.029,0.033
2023-05-01,"AllTreated",0.019,0.021
2023-06-01,"AllTreated",0.022,-0.005
2023-07-01,"AllTreated",-0.024,-0.013
2023-08-01,"AllTreated",0.063,0.12
2023-09-01,"AllTreated",-0.02,-0.051
2023-10-01,"AllTreated",0.009,0.019
2023-11-01,"AllTreated",-0.024,-0.031
2023-12-01,"AllTreated",0.007,0.019
2024-01-01,"AllTreated",-0.033,-0.033
2024-02-01,"AllTreated",-0.012,-0.053
2024-03-01,"AllTreated",-0.034,-0.059
2024-04-01,"AllTreated",-0.066,-0.106
2024-05-01,"AllTreated",-0.037,-0.019
2024-06-01,"AllTreated",-0.054,-0.047
2024-07-01,"AllTreated",-0.008,0.001
2024-08-01,"AllTreated",-0.088,-0.102
2024-09-01,"AllTreated",0,0.032
2024-10-01,"AllTreated",-0.04,-0.044
2024-11-01,"AllTreated",-0.034,-0.027
2024-12-01,"AllTreated",-0.025,-0.04
2025-01-01,"AllTreated",-0.017,-0.02
2025-02-01,"AllTreated",-0.023,0.011
2025-03-01,"AllTreated",-0.03,-0.055
2025-04-01,"AllTreated",0.018,0.047
2025-05-01,"AllTreated",0.011,0.009
2025-06-01,"AllTreated",-0.017,-0.059
2025-07-01,"AllTreated",-0.064,-0.109
2025-08-01,"AllTreated",-0.039,-0.068
2025-09-01,"AllTreated",-0.04,-0.106
2025-10-01,"AllTreated",-0.015,-0.018
2025-11-01,"AllTreated",0.001,-0.023
2025-12-01,"AllTreated",-0.019,-0.024
2026-01-01,"AllTreated",0.017,0.052
2026-02-01,"AllTreated",0.076,0.122
2026-03-01,"AllTreated",0.034,0.045
2026-04-01,"AllTreated",0.02,0
2026-05-01,"AllTreated",0.033,0.028
2026-06-01,"AllTreated",0.144,0.146
2026-07-01,"AllTreated",0.097,0.117
2026-08-01,"AllTreated",0.069,0.082
2023-01-01,"CG_EmbCity",0.13,0.444
2023-02-01,"CG_EmbCity",-0.168,-0.105
2023-03-01,"CG_EmbCity",-0.002,-0.009
2023-04-01,"CG_EmbCity",-0.03,-0.053
2023-05-01,"CG_EmbCity",-0.024,-0.003
2023-06-01,"CG_EmbCity",-0.003,0.035
2023-07-01,"CG_EmbCity",-0.077,-0.076
2023-08-01,"CG_EmbCity",-0.004,0.048
2023-09-01,"CG_EmbCity",-0.036,-0.082
2023-10-01,"CG_EmbCity",-0.042,-0.045
2023-11-01,"CG_EmbCity",-0.063,-0.062
2023-12-01,"CG_EmbCity",-0.027,0.007
2024-01-01,"CG_EmbCity",-0.069,-0.038
2024-02-01,"CG_EmbCity",-0.04,-0.051
2024-03-01,"CG_EmbCity",-0.013,-0.018
2024-04-01,"CG_EmbCity",-0.051,-0.074
2024-05-01,"CG_EmbCity",0.002,0.009
2024-06-01,"CG_EmbCity",-0.083,-0.078
2024-07-01,"CG_EmbCity",-0.012,0.022
2024-08-01,"CG_EmbCity",-0.067,-0.078
2024-09-01,"CG_EmbCity",0.008,0.072
2024-10-01,"CG_EmbCity",0.013,0.021
2024-11-01,"CG_EmbCity",0.006,-0.004
2024-12-01,"CG_EmbCity",0.016,0.017
2025-01-01,"CG_EmbCity",0.094,0.008
2025-02-01,"CG_EmbCity",-0.001,-0.013
2025-03-01,"CG_EmbCity",-0.044,-0.079
2025-04-01,"CG_EmbCity",-0.011,0.018
2025-05-01,"CG_EmbCity",0.024,0.036
2025-06-01,"CG_EmbCity",0.013,-0.013
2025-07-01,"CG_EmbCity",-0.059,-0.101
2025-08-01,"CG_EmbCity",-0.015,-0.035
2025-09-01,"CG_EmbCity",0.001,-0.036
2025-10-01,"CG_EmbCity",0.019,0.036
2025-11-01,"CG_EmbCity",0.041,0.047
2025-12-01,"CG_EmbCity",0.012,0.024
2026-01-01,"CG_EmbCity",-0.012,0.146
2026-02-01,"CG_EmbCity",0.101,0.205
2026-03-01,"CG_EmbCity",0.084,0.183
2026-04-01,"CG_EmbCity",0.064,0.105
2026-05-01,"CG_EmbCity",0.084,0.103
2026-06-01,"CG_EmbCity",0.246,0.272
2026-07-01,"CG_EmbCity",0.135,0.153
2026-08-01,"CG_EmbCity",0.089,0.128
2023-01-01,"CG_Small",0.079,0.103
2023-02-01,"CG_Small",-0.034,-0.013
2023-03-01,"CG_Small",0.063,0.099
2023-04-01,"CG_Small",0.038,0.007
2023-05-01,"CG_Small",0.01,-0.015
2023-06-01,"CG_Small",0.009,-0.008
2023-07-01,"CG_Small",-0.021,-0.009
2023-08-01,"CG_Small",0.034,0.064
2023-09-01,"CG_Small",-0.011,-0.066
2023-10-01,"CG_Small",0.006,0
2023-11-01,"CG_Small",-0.029,-0.077
2023-12-01,"CG_Small",-0.017,-0.018
2024-01-01,"CG_Small",-0.041,-0.03
2024-02-01,"CG_Small",-0.017,-0.054
2024-03-01,"CG_Small",-0.045,-0.029
2024-04-01,"CG_Small",-0.061,-0.115
2024-05-01,"CG_Small",-0.016,0.005
2024-06-01,"CG_Small",-0.042,-0.039
2024-07-01,"CG_Small",-0.01,0.013
2024-08-01,"CG_Small",-0.068,-0.071
2024-09-01,"CG_Small",-0.014,0.042
2024-10-01,"CG_Small",-0.013,-0.005
2024-11-01,"CG_Small",0.004,0.059
2024-12-01,"CG_Small",-0.019,-0.026
2025-01-01,"CG_Small",-0.023,0.02
2025-02-01,"CG_Small",-0.049,0.026
2025-03-01,"CG_Small",-0.026,-0.03
2025-04-01,"CG_Small",-0.001,0.076
2025-05-01,"CG_Small",-0.007,-0.022
2025-06-01,"CG_Small",0.009,-0.028
2025-07-01,"CG_Small",-0.048,-0.125
2025-08-01,"CG_Small",-0.024,-0.049
2025-09-01,"CG_Small",-0.035,-0.103
2025-10-01,"CG_Small",-0.031,-0.05
2025-11-01,"CG_Small",-0.028,-0.051
2025-12-01,"CG_Small",-0.026,-0.025
2026-01-01,"CG_Small",0.011,0
2026-02-01,"CG_Small",0.045,0.045
2026-03-01,"CG_Small",0.021,0.018
2026-04-01,"CG_Small",0.031,0.016
2026-05-01,"CG_Small",0.051,0.076
2026-06-01,"CG_Small",0.128,0.178
2026-07-01,"CG_Small",0.116,0.194
2026-08-01,"CG_Small",0.097,0.138
2023-01-01,"CG_Union",0.212,0.446
2023-02-01,"CG_Union",-0.143,-0.063
2023-03-01,"CG_Union",0.081,0.128
2023-04-01,"CG_Union",0.069,0.051
2023-05-01,"CG_Union",0.059,0.056
2023-06-01,"CG_Union",-0.003,-0.04
2023-07-01,"CG_Union",-0.031,-0.042
2023-08-01,"CG_Union",0.08,0.193
2023-09-01,"CG_Union",-0.04,-0.067
2023-10-01,"CG_Union",0.029,0.049
2023-11-01,"CG_Union",-0.024,-0.031
2023-12-01,"CG_Union",0.037,0.022
2024-01-01,"CG_Union",-0.031,-0.051
2024-02-01,"CG_Union",0.004,-0.042
2024-03-01,"CG_Union",-0.008,-0.038
2024-04-01,"CG_Union",-0.042,-0.093
2024-05-01,"CG_Union",0.003,-0.004
2024-06-01,"CG_Union",-0.01,-0.011
2024-07-01,"CG_Union",0.066,0.145
2024-08-01,"CG_Union",-0.063,-0.089
2024-09-01,"CG_Union",0.074,0.118
2024-10-01,"CG_Union",0.005,-0.012
2024-11-01,"CG_Union",-0.006,-0.015
2024-12-01,"CG_Union",0.013,0.002
2025-01-01,"CG_Union",-0.007,-0.04
2025-02-01,"CG_Union",-0.01,0.014
2025-03-01,"CG_Union",0.01,0.001
2025-04-01,"CG_Union",0.031,0.102
2025-05-01,"CG_Union",0.002,0.013
2025-06-01,"CG_Union",0.004,-0.033
2025-07-01,"CG_Union",-0.076,-0.141
2025-08-01,"CG_Union",-0.024,-0.033
2025-09-01,"CG_Union",-0.066,-0.115
2025-10-01,"CG_Union",-0.026,-0.027
2025-11-01,"CG_Union",0.03,0.02
2025-12-01,"CG_Union",-0.014,-0.033
2026-01-01,"CG_Union",0.053,0.146
2026-02-01,"CG_Union",0.118,0.212
2026-03-01,"CG_Union",0.055,0.088
2026-04-01,"CG_Union",0.036,0.04
2026-05-01,"CG_Union",0.065,0.041
2026-06-01,"CG_Union",0.182,0.174
2026-07-01,"CG_Union",0.112,0.15
2026-08-01,"CG_Union",0.081,0.113
