"PropertyID","Property.Name","Property.Address","Rooms","City","Building.Status"
4371932,"108 Motel","10721 S Broadway",20,"Los Angeles","Existing"
10610277,"24 Hour Motel","5851-5857 Crenshaw Blvd",21,"Los Angeles","Existing"
4432335,"777 Motor Inn","4781 Sepulveda Blvd",45,"Sherman Oaks","Existing"
113876,"89th Street Motel","8814 S Central Ave",10,"Los Angeles","Existing"
11146012,"AC Hotel Beverly Hills","6399 Wilshire Blvd",176,"Los Angeles","Existing"
11493014,"AC Hotel Downtown Los Angeles","1260 S Figueroa St",347,"Los Angeles","Existing"
5327021,"Ace Motel Los Angeles","6928 S Broadway",20,"Los Angeles","Existing"
5711004,"Aiden Los Angeles Downtown Dragon Gate Inn","818 N Hill St",52,"Los Angeles","Existing"
9556651,"Air Venice","5 Rose Ave",60,"Venice","Existing"
4200472,"Alexandria Lodge Motel","300 S Alexandria Ave",17,"Los Angeles","Existing"
10259291,"Aliza Hotel","710 Rose Ave",19,"Venice","Existing"
4467762,"Alvarado Palms Motel","931 S Alvarado St",23,"Los Angeles","Existing"
1430099,"Ambassador Hotel","817 N Fries Ave",58,"Wilmington","Existing"
10609708,"Ambassador Motel","7617 S Figueroa St",12,"Los Angeles","Existing"
7807179,"America Motel","2219 Pasadena Ave",9,"Los Angeles","Existing"
1402536,"American Hotel","303 S Hewitt St",21,"Los Angeles","Existing"
21650590,"Annes Motel","1755 S La Cienega Blvd",20,"Los Angeles","Existing"
4173763,"Antonio Hotel","229 N Soto St",49,"Los Angeles","Existing"
10608971,"Astro Motel","802 E Jefferson Blvd",14,"Los Angeles","Existing"
4029733,"Atlas Motel","7322 S Western Ave",20,"Los Angeles","Existing"
4535099,"Avalon Motel","9422 Avalon Blvd",14,"Los Angeles","Existing"
9894768,"Aventura Hotel","1020 Fedora St",86,"Los Angeles","Existing"
11025418,"Baldwin Hills Motor Inn","3020 S La Brea Ave",26,"Los Angeles","Existing"
4561282,"Best Inn Motel","4701 W Adams Blvd",23,"Los Angeles","Existing"
4304356,"Best Inn Motel","405 E Imperial Hwy",17,"Los Angeles","Existing"
4254125,"Best Motel","5350 W Olympic Blvd",22,"Los Angeles","Existing"
4139635,"Best Motel","12171 San Fernando Rd",16,"Sylmar","Existing"
9856172,"Best Western Burbank Airport Inn","7615 Lankershim Blvd",44,"North Hollywood","Existing"
4617256,"Best Western Canoga Park Motor Inn","20122 Vanowen St",46,"Winnetka","Existing"
5711171,"Best Western Hollywood Plaza Inn Hotel - Hollywood Walk of Fame LA","2011 N Highland Ave",82,"Los Angeles","Existing"
4441073,"Best Western Los Angeles Worldport Hotel","1402 W Pacific Coast Hwy",74,"Wilmington","Existing"
1332152,"Best Western Plus Carriage Inn","5525 Sepulveda Blvd",178,"Sherman Oaks","Existing"
4786605,"Best Western Plus LA Mid-Town Hotel","603 S New Hampshire Ave",90,"Los Angeles","Existing"
5710697,"Best Western Royal Palace Inn & Suites","2528 S Sepulveda Blvd",55,"Los Angeles","Existing"
4489204,"Best Western Woodland Hills Inn","21830 Ventura Blvd",68,"Woodland Hills","Existing"
5656871,"Beverly Hills Marriott","1150 S Beverly Dr",260,"Los Angeles","Existing"
11441749,"Beverly Hills Plaza Hotel & Spa","10300 Wilshire Blvd",116,"Los Angeles","Existing"
4139623,"Beverly Inn","7701 Beverly Blvd",27,"Los Angeles","Existing"
11443420,"Beverly Laurel","8018-8020 Beverly Blvd",52,"Los Angeles","Existing"
5446311,"Blue Lite Motel","16809 S Figueroa St",9,"Gardena","Existing"
7894106,"BLVD Hotel and Studios Universal-Hollywood, Ascend Hotel Collection","10730 Ventura Blvd",70,"Studio City","Existing"
4360135,"Boulevard Motel","6919 S Figueroa St",10,"Los Angeles","Existing"
4362121,"Broadway Inn Motel","8800 S Broadway",22,"Los Angeles","Existing"
4701384,"Bronco Motel South Central","5015 S Central Ave",19,"Los Angeles","Existing"
11436051,"Brooks Hotel","1541 Sawtelle Blvd",20,"Los Angeles","Existing"
4246121,"Budget Inn","9151 Sepulveda Blvd",48,"North Hills","Existing"
4029731,"Budget Inn Hollywood","6830 W Sunset Blvd",20,"Los Angeles","Existing"
1435293,"Burton House, Beverly Hills, A Tribute Portfolio Hotel","1177 S Beverly Dr",188,"Los Angeles","Existing"
4402421,"Cabana Motel","5764 Sepulveda Blvd",14,"Van Nuys","Existing"
1405884,"Cameo Beverly Hills, LXR Hotels & Resorts","1224 Beverwil Dr",138,"Los Angeles","Existing"
9296188,"Cara Hotel","1730 Western Ave",55,"Los Angeles","Existing"
11452235,"Carlton Motor Lodge","11811 Ventura Blvd",29,"Studio City","Existing"
4129885,"Carlyle Inn","1119 S Robertson Blvd",35,"Los Angeles","Existing"
9339869,"Casa Bella Inn","1212 S Alvarado St",34,"Los Angeles","Existing"
5951309,"Casa Lu-An Motel","1045 Colorado Blvd",12,"Los Angeles","Existing"
11609009,"Casa Motel","9613 S San Pedro St",12,"Los Angeles","Existing"
5853750,"Casitas Motel","130 E 23rd St",14,"Los Angeles","Existing"
5895747,"Catalina 8 Inn","812 S Catalina St",16,"Los Angeles","Existing"
5902417,"Central Inn Motel","4074 S Central Ave",21,"Los Angeles","Existing"
12029252,"Central Inn Motel","954 E 88th St",25,"Los Angeles","Existing"
4201002,"Chateau Celeste","1175 N Vermont Ave",31,"Los Angeles","Existing"
6410286,"Chateau Marmont Hotel","8221 W Sunset Blvd",63,"Los Angeles","Existing"
4441129,"Cinema Motel","6242 Sepulveda Blvd",9,"Van Nuys","Existing"
11126826,"citizenM Los Angeles Downtown","361 S Spring St",315,"Los Angeles","Existing"
11446269,"City Center Hotel","1135 W 7th St",42,"Los Angeles","Existing"
11357574,"City Motel","4731 S Figueroa St",36,"Los Angeles","Existing"
4144258,"Classic Inn","6101 S Broadway",16,"Los Angeles","Existing"
4028684,"College Hotel","4620 Santa Monica Blvd",43,"Los Angeles","Existing"
6893714,"Colony Inn","11002 Huston St",31,"North Hollywood","Existing"
4682064,"Colony Motel","1629 Pacific Coast Hwy",23,"Harbor City","Existing"
11454283,"Comet Motel","10808 Avalon Blvd",16,"Los Angeles","Existing"
7139143,"Comfort Inn & Suites Near Universal North Hollywood Burbank","6147 Lankershim Blvd",60,"North Hollywood","Existing"
4139762,"Comfort Inn Los Angeles Near Hollywood","2717 W Sunset Blvd",42,"Los Angeles","Existing"
11093682,"Conrad Los Angeles","100 South Grand Ave",305,"Los Angeles","Existing"
1135867,"Continental Hotel","802 E 7th St",60,"Los Angeles","Existing"
6346998,"Corona Inn","11727 Saticoy St",35,"North Hollywood","Existing"
4741077,"Coronado Inn","682 S Coronado St",94,"Los Angeles","Existing"
4030302,"Courtyard by Marriott Los Angeles LAX/Century Boulevard","6161 W Century Blvd",190,"Los Angeles","Existing"
4531360,"Courtyard Los Angeles Century City Beverly Hills","10320 W Olympic Blvd",136,"Los Angeles","Existing"
11493919,"Courtyard Los Angeles L.A. LIVE","901 W Olympic Blvd",175,"Los Angeles","Existing"
1331797,"Courtyard by Marriott Los Angeles Sherman Oaks","15433 Ventura Blvd",213,"Sherman Oaks","Existing"
4020890,"Courtyard Los Angeles Woodland Hills","21101 Ventura Blvd",122,"Woodland Hills","Existing"
8783421,"Crenshaw Inn Motel","6303 Crenshaw Blvd",17,"Los Angeles","Existing"
11442255,"Crescent Inn","1104 W Pacific Coast Hwy",22,"Wilmington","Existing"
4473477,"Crown Motel","2111 E Imperial Hwy",32,"Los Angeles","Existing"
4025264,"Crowne Plaza Los Angeles Harbor Hotel","601 S Palos Verdes St",244,"San Pedro","Existing"
6239415,"Danmar Motor Inn","3811 S Western Ave",17,"Los Angeles","Existing"
7844178,"Delmonico Motel","13055 San Fernando Rd",30,"Sylmar","Existing"
12628668,"Deluxe Inn","4721 S Vermont Ave",19,"Los Angeles","Existing"
4418531,"Diamond Inn","8609 Sepulveda Blvd",45,"North Hills","Existing"
4309505,"DoubleTree by Hilton Chatsworth","9777 Topanga Canyon Blvd",148,"Chatsworth","Existing"
1468030,"DoubleTree by Hilton Hotel Los Angeles Downtown","120 S Los Angeles St",434,"Los Angeles","Existing"
4671189,"DoubleTree by Hilton Hotel San Pedro - Port of Los Angeles","2800 Via Cabrillo Marina",226,"San Pedro","Existing"
9769725,"Downtown L.A. Proper Hotel","1100 S Broadway",147,"Los Angeles","Existing"
9434254,"Dream Hollywood","6417 Selma Ave",178,"Los Angeles","Existing"
114996,"DTLA Hotel","1123 W 7th St",60,"Los Angeles","Existing"
7392813,"Dunes Inn Sunset","5625 W Sunset Blvd",54,"Los Angeles","Existing"
11025405,"Dunes Wilshire Hotel","4300 Wilshire Blvd",63,"Los Angeles","Existing"
5709824,"Eagle Inn Motel","1371 Marine Ave",14,"Wilmington","Existing"
5993737,"Eagle Rock Motel","7041 N Figueroa St",9,"Los Angeles","Existing"
4744673,"East West Motel","7101 S Vermont Ave",23,"Los Angeles","Existing"
4725431,"Eastsider Motel","2133 S Central Ave",30,"Los Angeles","Existing"
11443047,"Economy Inn","8365 Lehigh Ave",17,"Sun Valley","Existing"
5872013,"Economy Inn Hollywood","5308 Sunset Blvd",18,"Los Angeles","Existing"
4203754,"Economy Inn Motel Sylmar","12783 San Fernando Rd",32,"Sylmar","Existing"
21474138,"Economy Motel","10924 S Broadway",19,"Los Angeles","Existing"
1579560,"El Dorado Motel","15614 S Vermont Ave",22,"Gardena","Existing"
5440227,"El Patio Inn Studio City","11466 Ventura Blvd",24,"Studio City","Existing"
8910043,"El Rancho Motel","7428 S San Pedro St",12,"Los Angeles","Existing"
5444207,"El Royale Hotel","11117 Ventura Blvd",12,"Studio City","Existing"
4028373,"Eldon Motel","9519 S Figueroa St",10,"Los Angeles","Existing"
1328879,"Embassy Suites by Hilton Los Angeles International Airport North","9801 Airport Blvd",222,"Los Angeles","Existing"
9925593,"Empire Inn LAX","3220 W Florence Ave",20,"Los Angeles","Existing"
4029585,"Encore Motel","1600 W Manchester Ave",15,"Los Angeles","Existing"
4110289,"ERTH INN by AGA Los Angeles","2050 Marengo St",28,"Los Angeles","Existing"
5051230,"Extended Stay America Los Angeles - Torrance - Harborgate Way","19200 Harborgate Way",122,"Torrance","Existing"
4685315,"Fairmont Century Plaza Los Angeles","2025 Avenue of the Stars",400,"Los Angeles","Existing"
21276490,"Fenix Hotel Hollywood","7070 Franklin Ave",20,"Los Angeles","Existing"
7663596,"Flamingo Motel","6105 Lankershim Blvd",20,"North Hollywood","Existing"
4028402,"Flight Motel","9501 S Figueroa St",26,"Los Angeles","Existing"
4128933,"Florentina Motel-Los Angeles","7409 S Main St",14,"Los Angeles","Existing"
8172212,"Flores Motel","807 E Manchester Ave",16,"Los Angeles","Existing"
11342760,"FOUND Hotel, Santa Monica, Series by Marriott","12311 Santa Monica Blvd",88,"Los Angeles","Existing"
5678297,"Four Seasons Hotel Los Angeles at Beverly Hills","300 S Doheny Dr",285,"Los Angeles","Existing"
9438976,"Freehand Los Angeles","416 W 8th St",226,"Los Angeles","Existing"
9970955,"Friendship Inn","1148 Crenshaw Blvd",29,"Los Angeles","Existing"
11445348,"Full Moon Inn","8803 S Figueroa St",21,"Los Angeles","Existing"
6132113,"Galaxy Motel","7260 Valaho Ln",20,"Tujunga","Existing"
4549166,"Garden Suite Hotel","681 S Western Ave",70,"Los Angeles","Existing"
6500193,"Gjelina Hotel","15 Rose Ave",26,"Venice","Existing"
5441642,"GlenRock Inn & Suites","2911 Colorado Blvd",49,"Los Angeles","Existing"
110172,"Golden Poppy Motel","8735 Figueroa St",12,"Los Angeles","Existing"
7852127,"Goldstar Inn","12165 San Fernando Rd",40,"Sylmar","Existing"
4425829,"Good Knight Inn Motel","9247 Sepulveda Blvd",25,"Sepulveda","Existing"
11453360,"Granada Inn","15543 Rinaldi St",32,"Granada Hills","Existing"
10137338,"Guest Harbor Inn","411 S Pacific Ave",36,"San Pedro","Existing"
111302,"H Hotel","3206 W 8th St",49,"Los Angeles","Existing"
10717626,"H Hotel Los Angeles, Curio Collection by Hilton","6151 W Century Blvd",168,"Los Angeles","Existing"
9228559,"Hampton Inn & Suites Los Angeles/Hollywood","1133 Vine St",112,"Los Angeles","Existing"
9626190,"Hampton Inn & Suites Los Angeles/Sherman Oaks","5638 Sepulveda Blvd",96,"Van Nuys","Existing"
11492041,"Hampton Inn & Suites Porter Ranch Los Angeles","20150 Rinaldi St",100,"Porter Ranch","Existing"
11254800,"Hampton Inn and Suites Los Angeles Burbank Airport","7501 N Glenoaks Blvd",105,"Burbank","Existing"
11446462,"Hampton Inn by Hilton North Hollywood","11350 Burbank Blvd",79,"North Hollywood","Existing"
4720385,"Harbor Inn Harbor City","1634 Pacific Coast Hwy",36,"Harbor City","Existing"
6154392,"Harmony Motel","7716 Foothill Blvd",12,"Tujunga","Existing"
5867057,"Harvard House Motel","5251 Hollywood Blvd",26,"Los Angeles","Existing"
6478924,"Harvard Motor Inn","1574 W Martin Luther King Jr Blvd",12,"Los Angeles","Existing"
8211619,"Hi-Lite Motel","10321 S Broadway",45,"Los Angeles","Existing"
4257718,"Highland Gardens Hotel","7047 Franklin Ave",70,"Hollywood","Existing"
4722004,"Highland Park Motel","4855 York Blvd",25,"Los Angeles","Existing"
4110832,"Hill Top Motor Inn","10601 S Western Ave",23,"Los Angeles","Existing"
4521935,"Hillcrest Inn Motel","9111 Sepulveda Blvd",37,"North Hills","Existing"
4031261,"Hills Villa Motel","10801 Wilmington Ave",10,"Los Angeles","Existing"
4593146,"Hilton Checkers Los Angeles","535 S Grand Ave",193,"Los Angeles","Existing"
4730190,"Hilton Garden Inn LAX Los Angeles Airport","5249 W Century Blvd",282,"Los Angeles","Existing"
4732310,"Hilton Garden Inn Los Angeles Hollywood","2005 N Highland Ave",160,"Los Angeles","Existing"
4163842,"Hilton Los Angeles Airport","5711 W Century Blvd",1234,"Los Angeles","Existing"
5674956,"Hilton Los Angeles/Universal City","555 Universal Hollywood Dr",495,"Universal City","Existing"
1569337,"Hilton Woodland Hills/Los Angeles","6360 Canoga Ave",330,"Woodland Hills","Existing"
4825217,"Holiday Inn Express & Suites Hollywood Walk Of Fame","1921 N Highland Ave",104,"Los Angeles","Existing"
5540943,"Holiday Inn Express & Suites Chatsworth","21340 Devonshire St",74,"Chatsworth","Existing"
5541269,"Holiday Inn Express & Suites Los Angeles Downtown West","611 S Westlake Ave",80,"Los Angeles","Existing"
1579450,"Holiday Inn Express & Suites Woodland Hills","22617 Ventura Blvd",86,"Woodland Hills","Existing"
5541106,"Holiday Inn Express Los Angeles - LAX Airport","8620 Airport Blvd",160,"Los Angeles","Existing"
1332723,"Holiday Inn Express Van Nuys","8244 Orion Ave",132,"Van Nuys","Existing"
4530599,"Holiday Inn Express West Los Angeles-Santa Monica","11250 Santa Monica Blvd",78,"Los Angeles","Existing"
4563007,"Holiday Inn Los Angeles - LAX Airport","9901 S La Cienega Blvd",405,"Los Angeles","Existing"
4030053,"Holiday Inn Los Angeles Gateway Torrance","19800 S Vermont Ave",339,"Torrance","Existing"
9349296,"Holiday Lodge Motor Hotel","1631 W 3rd St",57,"Los Angeles","Existing"
6155479,"Hollywood 7 Star Motel","1730 N La Brea Ave",33,"Los Angeles","Existing"
6189618,"Hollywood Celebrity Hotel","1775 Orchid Ave",38,"Los Angeles","Existing"
4030160,"Hollywood City Inn","1615-1617 N Western Ave",44,"Los Angeles","Existing"
6184250,"Hollywood Guest Inn","6700 W Sunset Blvd",30,"Los Angeles","Existing"
4030123,"Hollywood Historic Hotel","5150-5174 Melrose Ave",62,"Los Angeles","Existing"
4201003,"Hollywood Hotel","1160 N Vermont Ave",127,"Los Angeles","Existing"
4707175,"Hollywood Inn Express South","141 N Alvarado St",75,"Los Angeles","Existing"
6154075,"Hollywood La Brea Inn","7110 Hollywood Blvd",42,"Los Angeles","Existing"
13869178,"Hollywood Le Bon Hotel","1610 Argyle Ave",20,"Los Angeles","Existing"
9982536,"Hollywood Motel","10317 San Fernando Rd",8,"Pacoima","Existing"
11487950,"Hollywood Hills Hotel","1999 N Sycamore Ave",20,"Los Angeles","Existing"
5872071,"Hollywood Premiere Motel","5333 Hollywood Blvd",42,"Los Angeles","Existing"
4415592,"Hollywood Stars Inn","5435 W Sunset Blvd",25,"Los Angeles","Existing"
11591384,"Hollywood Volume, a Tribute Portfolio Hotel","6516 Selma Ave",212,"Los Angeles","Existing"
4268542,"Hollywood Walk of Fame Hotel","1818 Vine St",48,"Los Angeles","Existing"
11348007,"Home2 Suites by Hilton Woodland Hills Los Angeles","21110 W Oxnard St",170,"Woodland Hills","Existing"
4462191,"Hometel Suites","3160 W 8th St",40,"Los Angeles","Existing"
6252552,"Hometown Inn","9401 Sepulveda Blvd",64,"North Hills","Existing"
11986532,"Homewood Suites by Hilton Los Angeles International Airport","6151 W Century Blvd",122,"Los Angeles","Existing"
4506619,"Hotel Angeleno","170 N Church Ln",210,"Los Angeles","Existing"
4471854,"Hotel at 4122 S Western Ave","4122 S Western Ave",41,"Los Angeles","Existing"
4029787,"Hotel Bel-Air, Dorchester Collection","701 Stone Canyon Rd",100,"Los Angeles","Existing"
11533050,"Hotel Covell","4626 Hollywood Blvd",9,"Los Angeles","Existing"
4755390,"Hotel Dreamscape Pacific Coast Highway","1665 Pacific Coast Hwy",33,"Harbor City","Existing"
8918678,"Hotel Erwin","1697 Pacific Ave",120,"Venice","Existing"
9355381,"Hotel Figueroa","939 S Figueroa St",268,"Los Angeles","Existing"
5725186,"Hotel H-Wood","7051 W Sunset Blvd",44,"Los Angeles","Existing"
5678396,"Hotel Hwood","6826 W Sunset Blvd",27,"Los Angeles","Existing"
9367573,"Hotel Indigo Los Angeles Downtown","899 Francisco St",350,"Los Angeles","Existing"
1360985,"Hotel June West LA","8639 Lincoln Blvd",249,"Los Angeles","Existing"
8105656,"Hotel Lexen Hollywood","2018 N Highland Ave",20,"Los Angeles","Existing"
9430866,"Hotel Lucile","1629 Griffith Park Blvd",25,"Los Angeles","Existing"
9849839,"Hotel Mariposa","12828 W Riverside Dr",94,"Valley Village","Existing"
4163826,"Hotel MdR Marina del Rey - a DoubleTree by Hilton","13480 Maxella Ave",283,"Marina del Rey","Existing"
5029891,"Hotel Normandie Los Angeles","3600 W 6th St",94,"Los Angeles","Existing"
9648989,"Hotel Per La, Autograph Collection","649 S Olive St",241,"Los Angeles","Existing"
4029876,"Hotel Silver Lake Los Angeles","250 Silver Lake Blvd",66,"Los Angeles","Existing"
11518825,"Hyatt House LA - University Medical Center","2200 Trojan Way",200,"Los Angeles","Existing"
10297879,"Hyatt House LAX / Century Blvd","5959 W Century Blvd",129,"Los Angeles","Existing"
11494165,"Hyatt Place LAX / Century Blvd","5959 W Century Blvd",272,"Los Angeles","Existing"
604560,"Hyatt Regency Los Angeles International Airport","6225 W Century Blvd",580,"Los Angeles","Existing"
4591349,"Hyde Park Motel","6340 Crenshaw Blvd",19,"Los Angeles","Existing"
4031139,"Hyland Motel","7041 Sepulveda Blvd",40,"Van Nuys","Existing"
11363465,"Inn at Playa Del Rey","435 Culver Blvd",22,"Playa del Rey","Existing"
5709796,"Inn at Venice Beach","327 Washington Blvd",43,"Venice","Existing"
7991236,"InterContinental Los Angeles Downtown","900 Wilshire Blvd",889,"Los Angeles","Existing"
5943786,"Islander Motel","1460 Colorado Blvd",34,"Los Angeles","Existing"
11452183,"Islander Motel","1130 W Pacific Coast Hwy",22,"Wilmington","Existing"
10934159,"Jolly Roger Hotel","2904 Washington Blvd",82,"Marina del Rey","Existing"
6373598,"JW Marriott Los Angeles L.A. LIVE","900 W Olympic Blvd",878,"Los Angeles","Existing"
402251,"Kasa Sunset Los Angeles","5825 Sunset Boulevard",52,"Los Angeles","Existing"
6658514,"Kawada Hotel","200 S Hill St",116,"Los Angeles","Existing"
4717817,"Kimpton Hotel Palomar Los Angeles Beverly Hills","10740 Wilshire Blvd",264,"Los Angeles","Existing"
9102755,"Kimpton The Everly Hollywood","1800 N Argyle Ave",216,"Los Angeles","Existing"
8204486,"Kimpton The Hotel Wilshire","6317 Wilshire Blvd",74,"Los Angeles","Existing"
11449105,"King Junior Hotel","1194 E 35th St",36,"Los Angeles","Existing"
885247,"King Palace Inn","9706 S Figueroa St",19,"Los Angeles","Existing"
5045090,"King's Lodge Motel","8618 Venice Blvd",40,"Los Angeles","Existing"
6230691,"Kings Castle Motel","7008 Broadway",20,"Los Angeles","Existing"
9808520,"Kins Hotel","3434 W 6th St",52,"Los Angeles","Existing"
4612269,"Knights Inn Downtown Los Angeles","1255 W Temple St",31,"Los Angeles","Existing"
11107613,"Kodo Hotel","710 S Santa Fe Ave",8,"Los Angeles","Existing"
12382267,"La Casa Motel","8065 San Fernando Rd",12,"Sun Valley","Existing"
11323530,"La Cienega Inn","1725 S La Cienega Blvd",26,"Los Angeles","Existing"
7423965,"La Mirage Inn Hollywood","1824 N Beachwood Dr",20,"Los Angeles","Existing"
4251514,"La Posada Motel","7615 Sepulveda Blvd",30,"Van Nuys","Existing"
7740303,"LA Ramona Motel","3211 W Jefferson Blvd",20,"Los Angeles","Existing"
10175158,"La Vista Motel","8035 Lincoln Blvd",30,"Los Angeles","Existing"
4030138,"Las Palmas Hotel","1738 N Las Palmas Ave",60,"Los Angeles","Existing"
11219455,"Le Petit Pali Brentwood","12200 W Sunset Blvd",25,"Los Angeles","Existing"
6020258,"Le Rendezvous Motel","6501 Sepulveda Blvd",10,"Van Nuys","Existing"
4111003,"Legend Hotel","1822 N Cahuenga Blvd",23,"Los Angeles","Existing"
11519755,"Level Los Angeles Downtown - South Olive","888 S Olive St",303,"Los Angeles","Existing"
11441853,"Lexen Hotel North Hollywood","5268 Tujunga Ave",41,"North Hollywood","Existing"
4490620,"Liberty Hotel","1770 Orchid Ave",22,"Los Angeles","Existing"
4372115,"Lincoln Inn","2447 Lincoln Blvd",30,"Venice","Existing"
4225849,"Lincoln Park Motel","2101 Parkside Ave",24,"Los Angeles","Existing"
22347083,"Little Caesars Motel","4330 S Broadway",18,"Los Angeles","Existing"
4109517,"Little Tokyo Hotel","325-329 E 1st St",38,"Los Angeles","Existing"
659155,"Loews Hollywood Hotel","1755 N Highland Ave",628,"Los Angeles","Existing"
4029960,"Look Motor Inn","7827 Crenshaw Blvd",19,"Los Angeles","Existing"
248482,"Los Angeles Athletic Club Hotel","431 W 7th St",72,"Los Angeles","Existing"
6214876,"Los Feliz Hotel","3101 Los Feliz Blvd",11,"Los Angeles","Existing"
4024362,"Lux Inn","845 E Manchester Ave",28,"Los Angeles","Existing"
11443121,"Luxe Hotel Sunset Boulevard","11461 W Sunset Blvd",160,"Los Angeles","Existing"
4730665,"LYFE INN & SUITES by AGA Sun Valley","9417 San Fernando Rd",31,"Sun Valley","Existing"
4231393,"LYFE INN & SUITES BY AGA- North Hollywood","10750 Magnolia Blvd",23,"North Hollywood","Existing"
11025421,"LYFE INN & Suites by AGA-Beverly Hills","7575 Beverly Blvd",22,"Los Angeles","Existing"
11360948,"Magic Carpet Motor Inn Century","400 W Century Blvd",34,"Los Angeles","Existing"
9117403,"Magic Castle Hotel","7025 Franklin Ave",40,"Los Angeles","Existing"
6258137,"Main Motel","7018 Main St",16,"Los Angeles","Existing"
4168168,"Marina 7 Motel","2435 Lincoln Blvd",21,"Venice","Existing"
4662258,"Marriott Los Angeles Airport","5855 W Century Blvd",1004,"Los Angeles","Existing"
7564123,"Metro Plaza Hotel","701-711 N Main St",80,"Los Angeles","Existing"
4513686,"Metropolian Inn & Suites","946 S Bonnie Brae St",20,"Los Angeles","Existing"
7584845,"Mid City Inn Motel","5000 W Washington Blvd",12,"Los Angeles","Existing"
4291765,"Midtown Inn","9133 Sepulveda Blvd",40,"North Hills","Existing"
5710902,"Mikado Hotel","12600 Riverside Dr",58,"Valley Village","Existing"
9057111,"Mirror Motel","1904 E 113th St",19,"Los Angeles","Existing"
11387332,"Miyako Los Angeles","328 E 1st St",174,"Los Angeles","Existing"
4319420,"Monterey Motel","13200 S Vermont Ave",14,"Gardena","Existing"
4431041,"Motel 6 – Los Angeles, CA – Downtown LA - West","906 S Alvarado St",37,"Los Angeles","Existing"
4031894,"Motel 6 Hollywood, CA - Los Angeles","1738 N Whitley Ave",129,"Hollywood","Existing"
4615244,"Motel 6 San Pedro, CA – Port of Los Angeles","354 W 9th St",30,"San Pedro","Existing"
5914146,"Motel Inn","2787 W 8th St",20,"Los Angeles","Existing"
4021336,"Motel Pacoima","9961 San Fernando Rd",12,"Pacoima","Existing"
11311838,"MOXY Downtown Los Angeles","1260 S Figueroa St",380,"Los Angeles","Existing"
6210581,"Mt. Gleason Motorlodge","7927 Foothill Blvd",14,"Sunland","Existing"
11470267,"Mustang Motel","1710 W 41st Dr",55,"Los Angeles","Existing"
4597973,"New Bay Motel","8301 S Figueroa St",19,"Los Angeles","Existing"
7534208,"New Seoul Hotel","2666 W Olympic Blvd",50,"Los Angeles","Existing"
4111046,"Nite Inn","10612 Ventura Blvd",24,"Studio City","Existing"
5451043,"Nolan's Motel","847 W 134th St",10,"Gardena","Existing"
5718570,"North Hills Inn","15711 Roscoe Blvd",114,"North Hills","Existing"
4372109,"Notel Motel","4766 S Main St",11,"Los Angeles","Existing"
7275407,"Olive Motel","2751 W Sunset Blvd",25,"Los Angeles","Existing"
9880907,"Olivia Hotel","10740 Santa Monica Blvd",55,"Los Angeles","Existing"
4031806,"Olympic Motor Lodge","5850 W Olympic Blvd",7,"Los Angeles","Existing"
4269059,"Omni Los Angeles Hotel at California Plaza","251 S Olive St",453,"Los Angeles","Existing"
4640820,"Oxford Mansion","350 S Oxford Ave",15,"Los Angeles","Existing"
6002979,"Oxford Palace Hotel","745 S Oxford Ave",86,"Los Angeles","Existing"
4024857,"Pacific Inn & Suites","516 W 38th St",20,"San Pedro","Existing"
5541134,"Palihotel Hollywood","7023 W Sunset Blvd",74,"Los Angeles","Existing"
6993758,"Palihotel Melrose","7950 Melrose Ave",33,"Los Angeles","Existing"
9842467,"Palihotel Westwood Village","1044 Tiverton Ave",54,"Los Angeles","Existing"
5948175,"Palihouse West Hollywood","8384 W 3rd St",95,"Los Angeles","Existing"
10124137,"Palm Motel","1533 Pacific Coast Hwy",10,"Harbor City","Existing"
4305128,"Palm Tree Inn","8424 Sepulveda Blvd",76,"North Hills","Existing"
4257343,"Palos Verdes Inn","1001 S Palos Verdes St",42,"San Pedro","Existing"
4488507,"Paradise Inn & Suites","11750 W Washington Blvd",28,"Los Angeles","Existing"
4021372,"Paradise - Lodge","20128 Roscoe Blvd",58,"Canoga Park","Existing"
7280446,"Paradise Motel","1116 W Sunset Blvd",12,"Los Angeles","Existing"
11454078,"Park Cienega Motel","1777 S La Cienega Blvd",24,"Los Angeles","Existing"
1427423,"Park Motel","4151 S Figueroa St",12,"Los Angeles","Existing"
5439750,"Park Motel","12963 Ventura Blvd",11,"Studio City","Existing"
11025454,"Park Plaza Lodge","6001 W 3rd St",47,"Los Angeles","Existing"
7643175,"Pepper Tree Motel","5909 Lankershim Blvd",24,"North Hollywood","Existing"
10609046,"Pine Tree Inn","3821 S Western Ave",8,"Los Angeles","Existing"
6252549,"Pink Cloud Motel","9355 Sepulveda Blvd",15,"North Hills","Existing"
4559764,"Plaza Hotel Gardena","825 W Gardena Blvd",15,"Gardena","Existing"
9547377,"Plaza La Reina","10850 Lindbrook Dr",44,"Los Angeles","Existing"
11032044,"Portside Inn & Suites","525 S Harbor Blvd",111,"San Pedro","Existing"
4262732,"Quality Inn Near Hollywood Walk Of Fame","1520 N La Brea Ave",52,"Los Angeles","Existing"
4785879,"Ramada by Wyndham Los Angeles/Koreatown West","3900 Wilshire Blvd",86,"Los Angeles","Existing"
18865359,"Red Roof Inn Carson Wilmington CA","1023 W Pacific Coast Hwy",22,"Wilmington","Existing"
6230450,"Regal Inn","5966 S Broadway",18,"Los Angeles","Existing"
11443098,"Relax Inn","1269 S La Brea Ave",26,"Los Angeles","Existing"
4662962,"Renaissance Los Angeles Airport Hotel","9620 Airport Blvd",502,"Los Angeles","Existing"
5941976,"Rengency Inn Eagle Rock","2378 Colorado Blvd",28,"Los Angeles","Existing"
18895893,"Reside Craftsman Los Angeles, a Wyndham Residence","208 W 8th St",110,"Los Angeles","Existing"
9443689,"Residence Inn by Marriott Los Angeles LAX/Century Boulevard","5933 W Century Blvd",231,"Los Angeles","Existing"
11492632,"Residence Inn Chatsworth","20524 W Lassen St",124,"Chatsworth","Existing"
8307157,"Residence Inn Los Angeles L.A. LIVE","901 W Olympic Blvd",219,"Los Angeles","Existing"
21010419,"Resthaven Los Angeles","524 & 522 Rialto Avenue",5,"Venice","Existing"
10610917,"Ricky Motel","2125 W Manchester Ave",15,"Los Angeles","Existing"
7663584,"Rodeway Inn & Suites North Hollywood Burbank Airport - Universal Area","6021 Lankershim Blvd",22,"North Hollywood","Existing"
6644537,"Rodeway Inn Convention Center Los Angeles","1904 W Olympic Blvd",54,"Los Angeles","Existing"
5718361,"Rodeway Inn Near Melrose Ave","777 Vine St",42,"Los Angeles","Existing"
11357655,"Rosa Bell Motel","5606 S Western Ave",27,"Los Angeles","Existing"
5943792,"Rose Bowl Hotel","1533 Colorado Blvd",12,"Los Angeles","Existing"
11441819,"Rose Inn","1345 Pacific Coast Hwy",26,"Harbor City","Existing"
4029968,"Rotex Plaza Hotel","3411 Olympic Blvd",60,"Los Angeles","Existing"
5895660,"Western Inn","921 S Western Ave",44,"Los Angeles","Existing"
4545017,"Roxford Motel","13177-13183 San Fernando Rd",14,"Sylmar","Existing"
5765429,"Roxy Hollywood Hotel","1655 N Western Ave",36,"Los Angeles","Existing"
4695753,"Royal Hawaiian Motel","1632 S La Brea Ave",21,"Los Angeles","Existing"
10229749,"Royal Hotel","238 W 10th St",20,"San Pedro","Existing"
4354486,"Royal Inn","4260 S Vermont Ave",15,"Los Angeles","Existing"
6269706,"Royal Oak Inn","7110 Vermont Ave",20,"Los Angeles","Existing"
4031882,"Royal Pagoda Motel","995 N Broadway",26,"Los Angeles","Existing"
11433332,"Royal Palace Westwood Hotel","1052 Tiverton Ave",36,"Los Angeles","Existing"
6201414,"Royal Santa Monica Motel","10811 Santa Monica Blvd",19,"Los Angeles","Existing"
4164481,"Royal Viking Motel","2025 W 3rd St",59,"Los Angeles","Existing"
4030058,"Sahara Inn","4501 S Vermont Ave",30,"Los Angeles","Existing"
5515994,"Sandpiper Motel","4112 S Central Ave",18,"Los Angeles","Existing"
4330638,"Satellite Motel","12012 S Figueroa St",18,"Los Angeles","Existing"
11025400,"Seaway Motel","5961 Venice Blvd",20,"Los Angeles","Existing"
5874137,"Sepulveda Motel","8931 Sepulveda Blvd",21,"North Hills","Existing"
4437031,"Sheraton Gateway Los Angeles Hotel","6101 W Century Blvd",803,"Los Angeles","Existing"
5007237,"Sheraton Grand Los Angeles","711 S Hope St",496,"Los Angeles","Existing"
4475485,"Sheraton Hotel Universal City","333 Universal Hollywood Dr",466,"Universal City","Existing"
4110900,"Short Stories Hotel","115 S Fairfax Ave",66,"Los Angeles","Existing"
4361983,"Showtime Motel","11122 Ventura Blvd",12,"Studio City","Existing"
4376501,"Signal Motel","11316 S Figueroa St",10,"Los Angeles","Existing"
11491923,"Silver Lake Pool & Inn","4141 Santa Monica Blvd",54,"Los Angeles","Existing"
7420520,"Silver Saddle Motel","6235 Lankershim Blvd",20,"North Hollywood","Existing"
664899,"Sky Hotel","2352 Westwood Blvd",28,"Los Angeles","Existing"
4693464,"SLS Hotel, a Luxury Collection Hotel, Beverly Hills","465 S La Cienega Blvd",297,"Los Angeles","Existing"
11445615,"Snooty Fox Motor Inn","4120 S Western Ave",45,"Los Angeles","Existing"
8024160,"SoBeNY Trinity Hotel","851 S Grand Ave",183,"Los Angeles","Existing"
5552530,"Sofitel Los Angeles at Beverly Hills","8555 Beverly Blvd",295,"Los Angeles","Existing"
9703322,"Soho Warehouse","1000 S Santa Fe Ave",48,"Los Angeles","Existing"
4130443,"Solar Motel","2911 W Jefferson Blvd",19,"Los Angeles","Existing"
5615303,"Sonesta ES Suites Chatsworth","21902 Lassen St",114,"Chatsworth","Existing"
5615350,"Sonesta Los Angeles Airport LAX","5985 W Century Blvd",614,"Los Angeles","Existing"
1573919,"St George Motor Inn","19456 Ventura Blvd",57,"Tarzana","Existing"
4029569,"Stallion Motel","4415 Arlington Ave",6,"Los Angeles","Existing"
4430020,"Star Light Inn Motel","1830 S La Brea Ave",30,"Los Angeles","Existing"
4604928,"Starlight Inn Canoga Park","7435 Winnetka Ave",56,"Winnetka","Existing"
4354479,"Starlight Inn Motel","4949 Valley Blvd",25,"Los Angeles","Existing"
5339354,"Starlight Inn Van Nuys","6945 N Sepulveda Blvd",7,"Van Nuys","Existing"
8978443,"Starlight Motel","10112 S San Pedro St",12,"Los Angeles","Existing"
4256261,"Starlite Cottage","5450 Sepulveda Blvd",12,"Van Nuys","Existing"
7844175,"Sterling Motel","13077 San Fernando Rd",12,"Sylmar","Existing"
8389303,"STILE Downtown Los Angeles","929 S Broadway",182,"Los Angeles","Existing"
9482354,"Stillwell Hotel","838 S Grand Ave",232,"Los Angeles","Existing"
4021117,"Studio City Court Yard Hotel","12933 Ventura Blvd",66,"Studio City","Existing"
5439376,"Studio City Inn","11733 Ventura Blvd",14,"Studio City","Existing"
7823331,"Studio Lodge Hotel","11254 Vanowen St",102,"North Hollywood","Existing"
859320,"Sunrise Motel","8320 S Figueroa St",10,"Los Angeles","Existing"
4394520,"Sunset West Hotel, SureStay Collection by Best Western","7212 W Sunset Blvd",62,"Los Angeles","Existing"
5540567,"Super 8 by Wyndham North Hollywood","7541 Laurel Canyon Blvd",41,"North Hollywood","Existing"
4119082,"Super 8 by Wyndham Los Angeles Downtown","1341 W Sunset Blvd",32,"Los Angeles","Existing"
4152759,"SureStay by Best Western Beverly Hills West LA","7721 Beverly Blvd",36,"Los Angeles","Existing"
4806351,"Sylmar Hotel","14710 Bleeker St",18,"Sylmar","Existing"
7797188,"Tarzana Inn","19170 Ventura Blvd",48,"Tarzana","Existing"
5711187,"The Adler A Hollywood Hotel","6141 Franklin Ave",86,"Los Angeles","Existing"
7424072,"The Aster","1717 Vine St",35,"Hollywood","Existing"
4013786,"The Biltmore Los Angeles","506 S Grand Ave",683,"Los Angeles","Existing"
4110807,"The Century Park Hotel","10330 W Olympic Blvd",47,"Los Angeles","Existing"
6354383,"The Delphi","550 S Flower St",207,"Los Angeles","Existing"
9296189,"The Dixie Hollywood Hotel","5410 Hollywood Blvd",69,"Los Angeles","Existing"
5718584,"The E-Central Downtown Los Angeles Hotel","1020 S Figueroa St",179,"Los Angeles","Existing"
364637,"The Elan Hotel","8435 Beverly Blvd",49,"Los Angeles","Existing"
4485976,"The Emerald Inn On Sunset","5265 W Sunset Blvd",38,"Los Angeles","Existing"
5055035,"The Garland","4222 Vineland Ave",258,"North Hollywood","Existing"
9800067,"The Godfrey Hotel Hollywood","1400 N Cahuenga Blvd",220,"Los Angeles","Existing"
13800489,"The Green Ginger Guest House","8149 Billowvista Dr",5,"Playa del Rey","Existing"
18870593,"The Haas, Trademark Collection by Wyndham","219 W 7th St",53,"Los Angeles","Existing"
5717500,"The Hills Inn Eagle Rock","2300 Colorado Blvd",58,"Los Angeles","Existing"
9776512,"The Hollywood Grande, Autograph Collection","1541 Wilcox Ave",190,"Los Angeles","Existing"
4346628,"The Hollywood Roosevelt","7000 Hollywood Blvd",300,"Hollywood","Existing"
6223479,"The Hotel Hollywood","6364 Yucca St",33,"Los Angeles","Existing"
5317439,"The Hoxton Downtown LA","1060 S Broadway",174,"Los Angeles","Existing"
11462842,"The Inn at UCLA","330 Charles E Young Dr E",61,"Los Angeles","Existing"
7251690,"The Ivory","457 S Mariposa Ave",48,"Los Angeles","Existing"
4029634,"The Kinney Venice Beach","737 Washington Blvd",68,"Marina del Rey","Existing"
6849379,"The Lexmar","811 N Alvarado St",25,"Los Angeles","Existing"
4690901,"The LINE Los Angeles","3515 Wilshire Blvd",384,"Los Angeles","Existing"
4701352,"The Live Hotel","1901-1903 W Olympic Blvd",130,"Los Angeles","Existing"
11291008,"The Metric","285 Lucas Ave",28,"Los Angeles","Existing"
4286463,"The Moment Hotel","7370 W Sunset Blvd",39,"Los Angeles","Existing"
4421134,"The O Hotel, Trademark Collection by Wyndham","819 S Flower St",67,"Los Angeles","Existing"
5541111,"The Onyx Hotel Hollywood","1536 N Western Ave",52,"Los Angeles","Existing"
19857901,"The Paramour Estate","1923 Micheltorena St",9,"Los Angeles","Existing"
11778758,"The Parlour Motel","7310 S Figueroa St",18,"Los Angeles","Existing"
9769391,"The Prospect Hollywood","1850 N Cherokee Ave",24,"Los Angeles","Existing"
11517822,"The Ritz-Carlton, Los Angeles","900 W Olympic Blvd",123,"Los Angeles","Existing"
4671135,"The Sojourn Sherman Oaks","15485 Ventura Blvd",70,"Sherman Oaks","Existing"
9937035,"The Wayfarer Downtown LA, Tapestry Collection by Hilton","813 S Flower St",156,"Los Angeles","Existing"
4376673,"The Westin Bonaventure Hotel & Suites, Los Angeles","404 S Figueroa St",1358,"Los Angeles","Existing"
4163834,"The Westin Los Angeles Airport","5400 W Century Blvd",750,"Los Angeles","Existing"
18890837,"The Winfield Lofts, a Wyndham Hotel","406 W 7th St",125,"Los Angeles","Existing"
5444148,"tilt Hotel Universal/Hollywood","3241 Cahuenga Blvd W",44,"Los Angeles","Existing"
10610887,"Top Hat Motel","7517 S San Pedro St",23,"Los Angeles","Existing"
5648388,"Town House Motel","6957 Sepulveda Blvd",36,"Van Nuys","Existing"
6225519,"Travel Inn","7254 Foothill Blvd",26,"Tujunga","Existing"
6709050,"Travel Inn","8525 Sepulveda Blvd",76,"North Hills","Existing"
4737195,"Travel Inn Motel","7410 S Vermont Ave",27,"Los Angeles","Existing"
4271540,"Travel Inn Motel","401 S Westlake Ave",27,"Los Angeles","Existing"
11454286,"Travelodge by Wyndham Harbor City","1440 Pacific Coast Hwy",30,"Harbor City","Existing"
5540265,"Travelodge by Wyndham Sylmar CA","14955 Roxford St",103,"Sylmar","Existing"
6505190,"Tropicana Inn Motel","5444 Fountain Ave",24,"Los Angeles","Existing"
6223478,"Trylon Hotel","6515 Franklin Ave",20,"Los Angeles","Existing"
11227628,"Tuck Hotel / Bar Garcia","820 S Spring St",14,"Los Angeles","Existing"
9339875,"Tuscan Gardens Inn","2200 W Olympic Blvd",70,"Los Angeles","Existing"
11453343,"UCLA Meyer & Renee Luskin Conference Center Hotel","425 Westwood Plz",254,"Los Angeles","Existing"
11775449,"Unik Motel","1404 Pacific Coast Hwy",25,"Harbor City","Existing"
10065164,"USC Hotel","3540 S Figueroa St",240,"Los Angeles","Existing"
5044528,"Vagabond Inn - Los Angeles At USC","3101 S Figueroa St",72,"Los Angeles","Existing"
5044527,"Vagabond Inn San Pedro","215 S Gaffey St",73,"San Pedro","Existing"
5718242,"Vagabond Inn Sylmar","12775 Encinitas Ave",158,"Sylmar","Existing"
4671141,"Valley Inn","10621 Sepulveda Blvd",116,"Mission Hills","Existing"
11443578,"Valley Motel","10381 San Fernando Rd",23,"Pacoima","Existing"
4029819,"Value Inn","5200 W Sunset Blvd",20,"Los Angeles","Existing"
5014103,"Vantage Point Inn","21706 Ventura Blvd",39,"Woodland Hills","Existing"
4129537,"Venice Breeze Suites","2 Breeze Ave",30,"Venice","Existing"
784191,"Venice On The Beach Hotel","2819 Ocean Front Walk",17,"Venice","Existing"
4233985,"Venice Suites","417 Ocean Front Walk",32,"Venice","Existing"
12052719,"Venice V Hotel","5 Westminster Ave",35,"Venice","Existing"
7368162,"Vermont Hotel","1717 S Vermont Ave",40,"Los Angeles","Existing"
9983430,"Villa Las Palmas","10225 San Fernando Rd",15,"Pacoima","Existing"
6325422,"Village Inn Motel","7833 Lankershim Blvd",9,"North Hollywood","Existing"
4020956,"Village Inn Motel","7833 Lankershim Blvd",18,"Sun Valley","Existing"
5446083,"Vista Motel","4900 Sepulveda Blvd",22,"Culver City","Existing"
6353524,"W Hollywood","6250 hollywood Blvd",319,"Los Angeles","Existing"
4030142,"W Hotel Los Angeles West Beverly Hills","930 Hilgard Ave",297,"Los Angeles","Existing"
4496594,"Warner Center Marriott Woodland Hills","21850 Oxnard St",478,"Woodland Hills","Existing"
5945424,"Welcome Inn","1840 Colorado Blvd",24,"Los Angeles","Existing"
11438724,"West Coast Inn Motel","1129 W Pacific Coast Hwy",20,"Wilmington","Existing"
8402043,"West End Hotel","1538 Sawtelle Blvd",43,"Los Angeles","Existing"
7507929,"West Inn Hollywood","1617 N Cahuenga Blvd",21,"Los Angeles","Existing"
11444717,"Western Plaza Motel","1066 N Wilton Pl",28,"Los Angeles","Existing"
11104280,"Whisky Hotel","1717 Wilcox Ave",132,"Los Angeles","Existing"
11449669,"Wilshire Crest Hotel","6301 Orange St",34,"Los Angeles","Existing"
8763220,"Wilshire Motel","12023 Wilshire Blvd",17,"Los Angeles","Existing"
5839475,"Wilshire Serrano Motel","736 S Serrano Ave",25,"Los Angeles","Existing"
5969656,"York Motel","4721 Lincoln Ave",30,"Los Angeles","Existing"
9330949,"Airtel Plaza Hotel","7277 Valjean Ave",120,"Van Nuys","Existing"
7424569,"Bixby Motel","425-433 Wall St",60,"Los Angeles","Existing"
4122272,"Cameo Hotel","504 S Bonnie Brae St",174,"Los Angeles","Converted"
4030144,"JJ Grand Hotel","620 S Harvard Blvd",71,"Los Angeles","Under Renovation"
6716925,"Retan Hotel","1730 Whitley Ave",60,"Los Angeles","Converted"
857958,"Stuart Hotel","718 S Union Ave",67,"Los Angeles","Existing"
7507895,"The Gilbert Hotel","1550 Wilcox Ave",68,"Los Angeles","Converted"
12353420,"Alsace Hotel LA","5170 W Adams Blvd",48,"Los Angeles","Existing"
9350264,"Daimaru Hotel","345 E 1st St",45,"Los Angeles","Converted"
10287268,"Hilgard House Hotel","927 Hilgard Ave",47,"Los Angeles","Existing"
